100, 0.0918301, 22.2525, 14.6994, 19616.4
200, 0.0373265, 4.24905, 3.04581, 5730.52
300, 0.0069959, 1.32948, 0.451252, 1129.14
400, 0.00276461, 0.825601, 0.205153, 405.251
500, 0.00136982, 0.181948, 0.0819428, 243.59
600, 0.000221159, 0.0718054, 0.0263724, 45.6699
700, 0.000164534, 0.0369636, 0.00875674, 24.6356
800, 5.78487e-05, 0.00530173, 0.00360036, 10.2011
900, 1.75923e-05, 0.0059426, 0.00218706, 2.8191
1000, 1.28982e-05, 0.00181273, 0.0014675, 2.1638
1100, 3.92213e-06, 0.00064664, 0.000748101, 0.786758
1200, 2.33492e-06, 0.000418574, 0.000390053, 0.436157
1300, 1.14154e-06, 0.000102251, 0.000270605, 0.221067
1400, 5.92559e-07, 7.88779e-05, 0.000138024, 0.123765
1500, 3.82874e-07, 3.91614e-05, 7.82807e-05, 0.0789438
1600, 2.07038e-07, 1.7791e-05, 5.86873e-05, 0.0425236
1700, 1.33695e-07, 1.346e-05, 3.24303e-05, 0.0279246
1800, 8.22956e-08, 7.83239e-06, 1.70677e-05, 0.0172364
1900, 4.40621e-08, 3.72492e-06, 1.23736e-05, 0.00900217
2000, 2.70559e-08, 2.69702e-06, 6.67406e-06, 0.00566305
2100, 1.68332e-08, 1.61406e-06, 3.47166e-06, 0.00353925
2200, 9.21962e-09, 7.76014e-07, 2.5778e-06, 0.00189349
2300, 5.76256e-09, 5.61563e-07, 1.46629e-06, 0.00120453
2400, 3.66048e-09, 3.52512e-07, 7.4906e-07, 0.000770273
2500, 1.9965e-09, 1.67676e-07, 5.47831e-07, 0.000409484
2600, 1.21495e-09, 1.17812e-07, 3.1375e-07, 0.000253289
2700, 7.69088e-10, 7.49869e-08, 1.56153e-07, 0.000161989
2800, 4.21388e-10, 3.54796e-08, 1.14107e-07, 8.65914e-05
2900, 2.54935e-10, 2.45035e-08, 6.74169e-08, 5.30878e-05
3000, 1.64139e-10, 1.60678e-08, 3.33333e-08, 3.46042e-05
3100, 9.05566e-11, 7.65771e-09, 2.40513e-08, 1.86312e-05
3200, 5.40089e-11, 5.12802e-09, 1.45125e-08, 1.12173e-05
3300, 3.47895e-11, 3.43292e-09, 7.06225e-09, 7.33773e-06
3400, 1.9276e-11, 1.63929e-09, 5.02426e-09, 3.97121e-06
3500, 1.13521e-11, 1.06749e-09, 3.10508e-09, 2.35385e-06
3600, 7.37431e-12, 7.31126e-10, 1.50576e-09, 1.55622e-06
3700, 4.12447e-12, 3.53404e-10, 1.05269e-09, 8.51264e-07
3800, 2.40113e-12, 2.22887e-10, 6.66152e-10, 4.96795e-07
3900, 1.56351e-12, 1.55756e-10, 3.21659e-10, 3.29983e-07
4000, 8.80608e-13, 7.61262e-11, 2.19967e-10, 1.82064e-07
4100, 5.06658e-13, 4.6451e-11, 1.42366e-10, 1.04628e-07
4200, 3.30878e-13, 3.31051e-11, 6.88621e-11, 6.98476e-08
4300, 1.88437e-13, 1.64361e-11, 4.59918e-11, 3.90188e-08
4400, 1.07039e-13, 9.71869e-12, 3.04793e-11, 2.20765e-08
4500, 7.0163e-14, 7.11713e-12, 1.48186e-11, 1.48203e-08
4600, 4.04588e-14, 3.71423e-12, 9.66847e-12, 8.4104e-09
4700, 2.29274e-14, 2.19105e-12, 6.62159e-12, 4.7351e-09
4800, 1.52643e-14, 1.72696e-12, 3.37564e-12, 3.24348e-09
4900, 9.21485e-15, 1.11027e-12, 2.29987e-12, 1.91561e-09
5000, 5.88418e-15, 9.09495e-13, 1.81433e-12, 1.23623e-09
5100, 4.52612e-15, 8.6301e-13, 1.30098e-12, 9.51677e-10
5200, 3.65532e-15, 7.29614e-13, 1.10914e-12, 8.0668e-10
5300, 3.25581e-15, 7.3787e-13, 1.01322e-12, 7.18222e-10
5400, 3.10664e-15, 7.24057e-13, 9.9747e-13, 6.6574e-10
5500, 3.04452e-15, 6.89776e-13, 9.62573e-13, 6.54027e-10
5600, 2.97283e-15, 7.1564e-13, 9.96798e-13, 6.11873e-10
5700, 2.92265e-15, 7.16768e-13, 9.34949e-13, 6.47029e-10
5800, 2.97904e-15, 7.20702e-13, 1.03834e-12, 6.60631e-10
5900, 2.96036e-15, 7.12813e-13, 1.06098e-12, 6.23529e-10
6000, 3.11852e-15, 7.10543e-13, 1.0512e-12, 6.35137e-10
6100, 3.09472e-15, 7.35678e-13, 9.8774e-13, 6.43583e-10
6200, 3.07874e-15, 7.58918e-13, 1.03008e-12, 6.59829e-10
6300, 2.99555e-15, 6.85075e-13, 1.01251e-12, 6.48989e-10
6400, 3.10862e-15, 7.17332e-13, 9.5934e-13, 6.40945e-10
6500, 2.90149e-15, 7.1564e-13, 1.04692e-12, 6.39788e-10
6600, 3.06671e-15, 7.03688e-13, 1.11329e-12, 6.43583e-10
6700, 3.05463e-15, 7.7472e-13, 1.01948e-12, 6.80681e-10
6800, 3.13626e-15, 7.36227e-13, 9.93915e-13, 6.4243e-10
6900, 2.90361e-15, 7.15076e-13, 1.05448e-12, 6.27085e-10
7000, 3.01605e-15, 7.17332e-13, 9.85025e-13, 6.64467e-10
7100, 2.8716e-15, 7.20702e-13, 1.0203e-12, 6.44405e-10
7200, 3.16365e-15, 7.5945e-13, 1.01918e-12, 7.25847e-10
7300, 3.05463e-15, 7.88158e-13, 1.07869e-12, 6.67011e-10
7400, 2.94157e-15, 7.0254e-13, 9.79585e-13, 6.67011e-10
7500, 2.98318e-15, 7.22381e-13, 1.02765e-12, 6.52082e-10
7600, 3.0425e-15, 6.86253e-13, 9.79392e-13, 6.51432e-10
7700, 2.79547e-15, 6.69571e-13, 9.73082e-13, 6.01577e-10
7800, 3.09472e-15, 6.96187e-13, 1.03296e-12, 6.64945e-10
7900, 3.04857e-15, 7.96822e-13, 1.05824e-12, 6.76312e-10
8000, 2.86515e-15, 7.32928e-13, 1.0618e-12, 6.48989e-10
8100, 2.86084e-15, 6.9153e-13, 1.07038e-12, 6.1944e-10
8200, 3.09472e-15, 6.84485e-13, 1.03997e-12, 6.48173e-10
8300, 3.01809e-15, 7.90205e-13, 1.05243e-12, 6.52893e-10
8400, 3.09073e-15, 7.35128e-13, 1.00273e-12, 6.59187e-10
8500, 2.92054e-15, 7.28506e-13, 1.00364e-12, 6.43089e-10
8600, 3.1578e-15, 7.3787e-13, 1.02181e-12, 6.84404e-10
8700, 2.78221e-15, 7.30167e-13, 1.01312e-12, 6.30956e-10
8800, 3.00376e-15, 7.31272e-13, 9.92847e-13, 6.75842e-10
8900, 2.99349e-15, 7.46036e-13, 9.97488e-13, 6.68122e-10
9000, 2.86084e-15, 7.34579e-13, 1.06638e-12, 6.55967e-10
9100, 2.90573e-15, 7.00813e-13, 1.02868e-12, 6.70652e-10
9200, 2.98111e-15, 7.23499e-13, 1.09375e-12, 6.67487e-10
9300, 2.94157e-15, 7.36227e-13, 1.06525e-12, 6.62392e-10
9400, 2.91209e-15, 7.2294e-13, 1.03747e-12, 6.35137e-10
9500, 2.93737e-15, 6.90361e-13, 1.01843e-12, 6.07183e-10
9600, 2.9749e-15, 7.65278e-13, 1.08114e-12, 6.55483e-10
9700, 2.97283e-15, 7.17894e-13, 1.11129e-12, 6.62392e-10
9800, 2.85437e-15, 6.61683e-13, 1.05134e-12, 5.95918e-10
9900, 2.89936e-15, 7.21262e-13, 9.95186e-13, 6.28265e-10
10000, 2.7555e-15, 6.79748e-13, 1.0225e-12, 6.10487e-10
10100, 2.90785e-15, 6.93862e-13, 9.98227e-13, 6.13428e-10
10200, 3.06671e-15, 7.44952e-13, 1.02832e-12, 6.70652e-10
10300, 2.96452e-15, 6.39962e-13, 1.00041e-12, 6.4045e-10
10400, 2.9666e-15, 7.20702e-13, 1.09851e-12, 6.39126e-10
10500, 3.02625e-15, 7.71062e-13, 1.12535e-12, 6.7002e-10
10600, 3.05463e-15, 7.42237e-13, 1.04584e-12, 6.41771e-10
10700, 3.15194e-15, 7.38964e-13, 1.0363e-12, 6.62392e-10
10800, 2.75997e-15, 7.25728e-13, 9.76177e-13, 6.24208e-10
10900, 3.03235e-15, 7.3787e-13, 1.07645e-12, 6.29612e-10
11000, 3.07273e-15, 7.05981e-13, 9.93042e-13, 6.73802e-10
11100, 2.92476e-15, 7.30167e-13, 1.07131e-12, 6.56774e-10
11200, 3.11654e-15, 7.21262e-13, 1.00835e-12, 6.8208e-10
11300, 3.10466e-15, 7.32376e-13, 1.09183e-12, 6.8394e-10
11400, 3.04452e-15, 7.35678e-13, 9.48978e-13, 6.72702e-10
11500, 2.93947e-15, 7.12246e-13, 1.00991e-12, 6.48173e-10
11600, 3.02217e-15, 7.83017e-13, 9.93817e-13, 6.45554e-10
11700, 2.96036e-15, 7.12813e-13, 1.00727e-12, 6.58705e-10
11800, 2.90149e-15, 7.2684e-13, 1.02096e-12, 6.51594e-10
11900, 3.14018e-15, 7.21822e-13, 1.08226e-12, 6.91943e-10
12000, 2.91632e-15, 6.87429e-13, 9.8283e-13, 6.1118e-10
12100, 3.00581e-15, 7.36775e-13, 1.01751e-12, 6.48989e-10
12200, 3.11654e-15, 7.32376e-13, 1.04002e-12, 6.58062e-10
12300, 2.8716e-15, 7.36775e-13, 1.0189e-12, 6.52082e-10
12400, 2.8673e-15, 7.27951e-13, 1.04802e-12, 6.5013e-10
12500, 3.08474e-15, 7.85077e-13, 1.09e-12, 7.02874e-10
12600, 2.90785e-15, 7.13945e-13, 1.0266e-12, 6.20123e-10
12700, 2.81524e-15, 6.95026e-13, 9.79347e-13, 6.48336e-10
12800, 2.9666e-15, 7.48198e-13, 1.00744e-12, 6.5999e-10
12900, 2.78443e-15, 7.35128e-13, 1.06215e-12, 6.22339e-10
13000, 2.8218e-15, 7.08835e-13, 1.07421e-12, 6.37135e-10
13100, 3.01196e-15, 7.55184e-13, 1.01454e-12, 6.57418e-10
13200, 3.00991e-15, 7.4441e-13, 1.04113e-12, 6.35637e-10
13300, 3.1617e-15, 7.56786e-13, 9.7431e-13, 6.71914e-10
13400, 2.94575e-15, 6.83895e-13, 1.01497e-12, 6.31627e-10
13500, 3.2728e-15, 7.92757e-13, 1.08385e-12, 6.81459e-10
13600, 2.7398e-15, 6.98504e-13, 1.01775e-12, 6.05087e-10
13700, 3.18887e-15, 7.80433e-13, 9.99391e-13, 6.68755e-10
13800, 3.02013e-15, 7.04835e-13, 1.0724e-12, 6.72702e-10
13900, 2.9142e-15, 6.9153e-13, 9.79722e-13, 6.51432e-10
14000, 2.97283e-15, 7.0254e-13, 1.0011e-12, 6.50293e-10
14100, 3.20237e-15, 7.35678e-13, 1.05073e-12, 6.98037e-10
14200, 2.92265e-15, 7.1958e-13, 1.02366e-12, 6.38297e-10
14300, 2.91209e-15, 6.90946e-13, 1.03579e-12, 6.35804e-10
14400, 2.97075e-15, 7.15076e-13, 1.05761e-12, 6.21658e-10
14500, 2.9749e-15, 7.82501e-13, 9.56138e-13, 6.78812e-10
14600, 2.95828e-15, 7.36775e-13, 1.04903e-12, 6.77719e-10
14700, 2.863e-15, 7.45494e-13, 9.89396e-13, 6.33134e-10
14800, 2.99143e-15, 7.43324e-13, 1.02214e-12, 6.88722e-10
14900, 3.14411e-15, 7.08835e-13, 1.04943e-12, 6.67011e-10
15000, 2.79326e-15, 6.62902e-13, 1.05103e-12, 6.32297e-10
15100, 3.01196e-15, 7.24057e-13, 9.50953e-13, 6.74588e-10
15200, 3.10068e-15, 7.25728e-13, 9.94344e-13, 6.72544e-10
15300, 2.97283e-15, 7.64222e-13, 1.02594e-12, 6.41606e-10
15400, 3.01605e-15, 7.16768e-13, 1.07285e-12, 6.51432e-10
15500, 2.88871e-15, 7.08265e-13, 1.06446e-12, 6.00696e-10
15600, 2.88444e-15, 7.05408e-13, 9.96993e-13, 6.09967e-10
15700, 2.82617e-15, 6.66548e-13, 1.04571e-12, 6.13946e-10
15800, 2.93107e-15, 6.90946e-13, 1.07293e-12, 6.59829e-10
15900, 2.93107e-15, 7.19019e-13, 1.02133e-12, 6.16184e-10
16000, 3.20814e-15, 7.96822e-13, 1.1116e-12, 6.85795e-10
16100, 3.02421e-15, 7.43867e-13, 9.94082e-13, 6.77094e-10
16200, 2.93107e-15, 7.27951e-13, 1.04133e-12, 6.39622e-10
16300, 3.24254e-15, 7.81984e-13, 1.00254e-12, 6.88722e-10
16400, 2.90997e-15, 7.05408e-13, 9.97326e-13, 6.42266e-10
16500, 3.07273e-15, 7.84048e-13, 1.04384e-12, 6.77563e-10
16600, 2.92265e-15, 7.54113e-13, 1.04119e-12, 6.57901e-10
16700, 2.85437e-15, 7.25171e-13, 1.07063e-12, 6.2776e-10
16800, 3.06067e-15, 7.40057e-13, 9.89673e-13, 6.55967e-10
16900, 2.87803e-15, 7.54113e-13, 9.60745e-13, 6.1944e-10
17000, 3.0647e-15, 7.22381e-13, 1.0235e-12, 6.75842e-10
17100, 2.9749e-15, 7.43867e-13, 1.00891e-12, 6.55967e-10
17200, 3.06067e-15, 7.34579e-13, 9.55011e-13, 6.82545e-10
17300, 3.20237e-15, 7.93775e-13, 9.80809e-13, 6.88261e-10
17400, 3.07874e-15, 7.43324e-13, 9.7725e-13, 6.66217e-10
17500, 2.83922e-15, 7.11111e-13, 1.03401e-12, 6.43583e-10
17600, 2.85005e-15, 7.01389e-13, 9.97973e-13, 5.93069e-10
17700, 2.79767e-15, 6.94444e-13, 1.05359e-12, 6.2776e-10
17800, 3.10068e-15, 7.58386e-13, 1.04275e-12, 6.67487e-10
17900, 2.96244e-15, 7.71585e-13, 1.13915e-12, 6.73802e-10
18000, 2.99349e-15, 7.5143e-13, 1.07941e-12, 6.75215e-10
18100, 3.09073e-15, 7.31825e-13, 1.04751e-12, 6.66217e-10
18200, 2.97697e-15, 7.49816e-13, 1.03563e-12, 6.65104e-10
18300, 2.9562e-15, 7.36775e-13, 1.01716e-12, 6.67487e-10
18400, 2.74205e-15, 6.95026e-13, 1.03703e-12, 5.93782e-10
18500, 2.9976e-15, 6.95606e-13, 1.02022e-12, 6.51594e-10
18600, 2.97697e-15, 7.00813e-13, 9.65449e-13, 6.28434e-10
18700, 2.7555e-15, 6.90946e-13, 9.75787e-13, 6.24377e-10
18800, 3.05261e-15, 7.66333e-13, 1.05499e-12, 6.73174e-10
18900, 2.88231e-15, 7.3072e-13, 1.00025e-12, 6.39622e-10
19000, 2.92897e-15, 7.12813e-13, 9.80968e-13, 6.65581e-10
19100, 3.06671e-15, 7.63693e-13, 9.89646e-13, 6.59187e-10
19200, 2.93107e-15, 7.42781e-13, 1.06201e-12, 6.60471e-10
19300, 3.1205e-15, 7.48198e-13, 1.02214e-12, 6.73331e-10
19400, 2.9873e-15, 7.37323e-13, 1.06257e-12, 6.77094e-10
19500, 3.06872e-15, 7.31825e-13, 1.00866e-12, 6.74431e-10
19600, 2.85221e-15, 6.98504e-13, 1.11628e-12, 6.57257e-10
19700, 2.9749e-15, 7.36227e-13, 1.00404e-12, 6.35637e-10
19800, 2.96036e-15, 7.33478e-13, 9.52897e-13, 6.44405e-10
19900, 3.05059e-15, 7.50893e-13, 1.01535e-12, 6.97885e-10
20000, 2.97283e-15, 7.24057e-13, 1.07894e-12, 6.75685e-10
20100, 2.8716e-15, 7.17894e-13, 1.01685e-12, 6.27085e-10
20200, 3.11654e-15, 7.46036e-13, 1.03536e-12, 6.80059e-10
20300, 3.03032e-15, 7.77322e-13, 9.85456e-13, 6.90718e-10
20400, 3.23683e-15, 7.16768e-13, 1.03056e-12, 6.50781e-10
20500, 2.96452e-15, 7.18457e-13, 9.68118e-13, 6.62392e-10
20600, 2.90997e-15, 6.96187e-13, 9.8915e-13, 6.27591e-10
20700, 2.89298e-15, 6.97346e-13, 9.61855e-13, 6.1118e-10
20800, 3.12839e-15, 7.33478e-13, 1.05613e-12, 6.85795e-10
20900, 2.99349e-15, 7.09974e-13, 9.838e-13, 6.31794e-10
21000, 3.13626e-15, 7.3072e-13, 9.67319e-13, 6.91331e-10
21100, 2.85221e-15, 6.85075e-13, 1.09888e-12, 6.27085e-10
21200, 3.17143e-15, 7.2294e-13, 1.08918e-12, 6.62552e-10
21300, 3.04047e-15, 7.39511e-13, 1.00595e-12, 6.67646e-10
21400, 2.79988e-15, 6.95026e-13, 1.01007e-12, 6.57901e-10
21500, 2.79547e-15, 7.06552e-13, 9.51615e-13, 6.23699e-10
21600, 2.92265e-15, 7.43867e-13, 1.02952e-12, 6.55483e-10
21700, 3.03032e-15, 7.13945e-13, 1.05405e-12, 6.43583e-10
21800, 3.03032e-15, 7.24057e-13, 1.05947e-12, 6.3447e-10
21900, 3.01605e-15, 7.77841e-13, 1.0319e-12, 6.8208e-10
22000, 3.01605e-15, 7.62634e-13, 1.04053e-12, 6.31124e-10
22100, 2.93947e-15, 7.40057e-13, 1.01121e-12, 6.48336e-10
22200, 3.03032e-15, 7.32928e-13, 1.02509e-12, 6.69388e-10
22300, 2.98318e-15, 7.03114e-13, 9.80211e-13, 6.47683e-10
22400, 3.09472e-15, 7.71062e-13, 1.02388e-12, 6.59348e-10
22500, 2.93947e-15, 7.49277e-13, 1.03069e-12, 6.14808e-10
22600, 2.92897e-15, 7.3787e-13, 1.12079e-12, 6.62392e-10
22700, 2.93107e-15, 7.14511e-13, 9.74345e-13, 6.21488e-10
22800, 2.88658e-15, 6.9153e-13, 1.04338e-12, 6.57418e-10
22900, 2.93107e-15, 6.95606e-13, 1.00701e-12, 6.33635e-10
23000, 3.12839e-15, 7.67912e-13, 1.00697e-12, 6.93013e-10
23100, 2.99349e-15, 7.45494e-13, 1.00201e-12, 6.7396e-10
23200, 2.87803e-15, 7.21822e-13, 9.92433e-13, 6.45062e-10
23300, 3.16365e-15, 7.07695e-13, 9.62023e-13, 7.00913e-10
23400, 3.0647e-15, 7.62634e-13, 1.05287e-12, 6.63829e-10
23500, 2.9749e-15, 7.34029e-13, 9.58777e-13, 6.72702e-10
23600, 2.88231e-15, 7.03688e-13, 9.89214e-13, 6.24377e-10
23700, 2.94994e-15, 7.2906e-13, 9.69994e-13, 6.39788e-10
23800, 3.03235e-15, 7.43867e-13, 1.01991e-12, 6.54836e-10
23900, 3.19852e-15, 7.37323e-13, 1.01787e-12, 6.54027e-10
24000, 2.9873e-15, 7.03114e-13, 9.95281e-13, 6.56774e-10
24100, 2.90149e-15, 7.25728e-13, 1.02151e-12, 6.41111e-10
24200, 2.94575e-15, 6.86842e-13, 1.09944e-12, 6.3896e-10
24300, 3.00786e-15, 7.28506e-13, 9.85935e-13, 6.55321e-10
24400, 2.72853e-15, 7.23499e-13, 9.48956e-13, 6.18242e-10
24500, 2.94575e-15, 7.61575e-13, 1.07711e-12, 6.72544e-10
24600, 3.02625e-15, 7.06552e-13, 9.92044e-13, 6.52244e-10
24700, 2.88231e-15, 6.9153e-13, 1.03207e-12, 6.24208e-10
24800, 3.04655e-15, 7.17894e-13, 1.00182e-12, 6.35137e-10
24900, 2.87588e-15, 7.33478e-13, 1.0519e-12, 6.07009e-10
25000, 2.89298e-15, 7.33478e-13, 1.04102e-12, 6.45718e-10
25100, 2.88871e-15, 6.93862e-13, 1.04329e-12, 6.26409e-10
25200, 3.03032e-15, 7.00813e-13, 1.03427e-12, 6.2978e-10
25300, 3.07674e-15, 7.55718e-13, 9.62988e-13, 6.75685e-10
25400, 2.87588e-15, 7.17894e-13, 9.9151e-13, 6.49479e-10
25500, 2.94157e-15, 7.31272e-13, 1.01458e-12, 6.35137e-10
25600, 3.13822e-15, 7.25728e-13, 9.92394e-13, 6.83785e-10
25700, 2.87588e-15, 7.00813e-13, 1.02339e-12, 6.6574e-10
25800, 3.01809e-15, 7.64222e-13, 1.10101e-12, 6.80681e-10
25900, 3.10466e-15, 7.58918e-13, 1.07671e-12, 6.98643e-10
26000, 3.05463e-15, 7.38418e-13, 1.0594e-12, 6.78188e-10
26100, 2.94157e-15, 6.9153e-13, 1.05944e-12, 6.39788e-10
26200, 3.00376e-15, 6.70776e-13, 9.89374e-13, 6.04912e-10
26300, 2.86515e-15, 7.15076e-13, 1.0917e-12, 6.66853e-10
26400, 2.8218e-15, 7.2294e-13, 1.03605e-12, 6.33134e-10
26500, 2.93317e-15, 7.16205e-13, 9.67973e-13, 6.51594e-10
26600, 2.98318e-15, 7.07695e-13, 9.71988e-13, 6.49479e-10
26700, 2.9562e-15, 7.52505e-13, 1.02876e-12, 6.67646e-10
26800, 2.97283e-15, 7.23499e-13, 1.07624e-12, 6.44241e-10
26900, 3.1205e-15, 7.79916e-13, 1.09916e-12, 6.62392e-10
27000, 3.1205e-15, 7.5732e-13, 1.015e-12, 6.64467e-10
27100, 3.05463e-15, 6.92697e-13, 1.01082e-12, 6.50944e-10
27200, 2.94785e-15, 7.05981e-13, 1.05942e-12, 6.28939e-10
27300, 2.82617e-15, 7.23499e-13, 9.65958e-13, 6.32966e-10
27400, 3.15975e-15, 7.11111e-13, 9.95838e-13, 6.52244e-10
27500, 2.96244e-15, 6.67154e-13, 9.99966e-13, 6.20123e-10
27600, 3.05866e-15, 6.96187e-13, 1.07304e-12, 6.71283e-10
27700, 3.01196e-15, 7.65806e-13, 1.07728e-12, 6.50944e-10
27800, 2.99966e-15, 7.65806e-13, 1.06318e-12, 6.80214e-10
27900, 2.92686e-15, 7.3072e-13, 1.07935e-12, 6.36303e-10
28000, 2.81743e-15, 7.40602e-13, 9.83783e-13, 6.59348e-10
28100, 3.05664e-15, 7.39511e-13, 1.00618e-12, 6.51432e-10
28200, 2.79106e-15, 7.24614e-13, 1.0406e-12, 6.14808e-10
28300, 2.98111e-15, 7.72109e-13, 1.11025e-12, 6.75842e-10
28400, 3.17337e-15, 7.13945e-13, 9.70347e-13, 6.59187e-10
28500, 3.03235e-15, 7.25728e-13, 9.8374e-13, 6.49642e-10
28600, 2.83488e-15, 7.07124e-13, 9.83113e-13, 6.31124e-10
28700, 3.05664e-15, 7.08265e-13, 1.03712e-12, 6.12565e-10
28800, 2.83705e-15, 6.97346e-13, 1.00967e-12, 6.09272e-10
28900, 3.11061e-15, 7.70538e-13, 1.04922e-12, 6.92555e-10
29000, 2.95828e-15, 7.00236e-13, 1.0291e-12, 6.36968e-10
29100, 3.02013e-15, 7.30167e-13, 1.05587e-12, 6.32464e-10
29200, 2.95202e-15, 7.13379e-13, 1.00469e-12, 6.55321e-10
29300, 2.74654e-15, 7.06552e-13, 9.80058e-13, 5.97869e-10
29400, 3.02625e-15, 6.99659e-13, 9.79462e-13, 6.42925e-10
29500, 3.00376e-15, 7.4441e-13, 9.84784e-13, 6.48989e-10
29600, 3.18694e-15, 7.94792e-13, 1.11637e-12, 6.97278e-10
29700, 2.93528e-15, 7.70013e-13, 1.05429e-12, 6.68122e-10
29800, 2.90573e-15, 7.31272e-13, 9.51854e-13, 6.52082e-10
29900, 2.89298e-15, 7.05981e-13, 9.70055e-13, 6.1118e-10
30000, 2.90785e-15, 7.21262e-13, 9.82132e-13, 6.02808e-10
30100, 2.88444e-15, 6.88604e-13, 1.08702e-12, 6.3447e-10
30200, 2.97283e-15, 7.68438e-13, 1.02497e-12, 6.61752e-10
30300, 2.90785e-15, 7.08835e-13, 1.02972e-12, 6.45062e-10
30400, 2.9142e-15, 7.04835e-13, 1.07174e-12, 6.32464e-10
30500, 2.96036e-15, 7.24614e-13, 1.02888e-12, 6.72544e-10
30600, 2.94994e-15, 7.48738e-13, 1.07961e-12, 6.54674e-10
30700, 2.98111e-15, 7.70538e-13, 1.02786e-12, 6.59829e-10
30800, 2.9666e-15, 7.17332e-13, 1.0392e-12, 6.50293e-10
30900, 2.88658e-15, 7.50893e-13, 1.08554e-12, 6.54836e-10
31000, 3.02421e-15, 7.3072e-13, 1.02942e-12, 6.63829e-10
31100, 3.03235e-15, 7.48198e-13, 1.08946e-12, 6.79436e-10
31200, 3.04655e-15, 7.16205e-13, 1.04433e-12, 6.40284e-10
31300, 2.93107e-15, 7.2906e-13, 1.00479e-12, 6.36303e-10
31400, 3.12444e-15, 7.27396e-13, 1.00875e-12, 7.01668e-10
31500, 2.89511e-15, 7.31272e-13, 1.08798e-12, 6.74431e-10
31600, 3.03438e-15, 7.34579e-13, 9.90742e-13, 6.30452e-10
31700, 3.03235e-15, 7.69489e-13, 1.03358e-12, 6.75685e-10
31800, 2.9749e-15, 7.32376e-13, 1.05856e-12, 6.81459e-10
31900, 3.11061e-15, 7.37323e-13, 1.04306e-12, 6.73174e-10
32000, 3.11654e-15, 7.75762e-13, 1.03123e-12, 6.76312e-10
32100, 3.01401e-15, 7.99858e-13, 1.05254e-12, 6.43748e-10
32200, 2.89298e-15, 7.06552e-13, 1.08065e-12, 6.25055e-10
32300, 3.10267e-15, 7.34579e-13, 1.03375e-12, 6.7396e-10
32400, 2.80208e-15, 6.66548e-13, 1.01081e-12, 6.18756e-10
32500, 2.9666e-15, 7.49816e-13, 9.60248e-13, 6.28265e-10
32600, 2.75102e-15, 7.05408e-13, 9.92901e-13, 6.12738e-10
32700, 2.97075e-15, 7.00813e-13, 1.09418e-12, 6.39788e-10
32800, 2.95828e-15, 7.38418e-13, 1.06353e-12, 6.24208e-10
32900, 2.91209e-15, 7.20141e-13, 1.0609e-12, 6.74431e-10
33000, 3.04857e-15, 7.16768e-13, 1.09575e-12, 6.52893e-10
33100, 3.00786e-15, 7.35678e-13, 9.66822e-13, 6.58705e-10
33200, 2.81524e-15, 6.83895e-13, 9.8203e-13, 6.51594e-10
33300, 3.00376e-15, 6.7198e-13, 1.0276e-12, 6.68122e-10
33400, 2.93317e-15, 7.3787e-13, 9.71004e-13, 6.35804e-10
33500, 2.85653e-15, 6.82713e-13, 9.8331e-13, 6.25563e-10
33600, 2.98318e-15, 7.26285e-13, 9.76463e-13, 6.36968e-10
33700, 2.90573e-15, 7.04835e-13, 1.0392e-12, 6.21488e-10
33800, 2.7398e-15, 7.24057e-13, 1.00645e-12, 6.3647e-10
33900, 2.93947e-15, 7.42237e-13, 1.05637e-12, 6.2776e-10
34000, 3.02217e-15, 8.21284e-13, 1.07853e-12, 6.75058e-10
34100, 2.94366e-15, 7.41692e-13, 1.0664e-12, 6.63669e-10
34200, 3.16754e-15, 7.67912e-13, 1.05049e-12, 6.78344e-10
34300, 2.90573e-15, 7.27396e-13, 1.00529e-12, 6.96062e-10
34400, 2.89298e-15, 7.08265e-13, 1.06619e-12, 6.4045e-10
34500, 3.01809e-15, 6.71378e-13, 1.00727e-12, 6.49642e-10
34600, 2.9749e-15, 6.96767e-13, 1.08703e-12, 6.36303e-10
34700, 3.15585e-15, 7.56786e-13, 1.07677e-12, 6.69388e-10
34800, 2.92476e-15, 7.50355e-13, 1.04814e-12, 6.47683e-10
34900, 2.98524e-15, 7.27396e-13, 1.04229e-12, 6.78344e-10
35000, 2.79106e-15, 6.9328e-13, 1.02562e-12, 6.59348e-10
35100, 2.94785e-15, 7.23499e-13, 1.05415e-12, 6.54027e-10
35200, 3.01605e-15, 6.92114e-13, 1.02196e-12, 6.54836e-10
35300, 2.86945e-15, 6.85665e-13, 9.71209e-13, 6.5013e-10
35400, 2.94575e-15, 7.21262e-13, 1.07189e-12, 6.60631e-10
35500, 3.14607e-15, 7.85077e-13, 1.01581e-12, 6.68913e-10
35600, 2.88444e-15, 7.07124e-13, 1.00425e-12, 6.49479e-10
35700, 3.12642e-15, 7.90205e-13, 1.01226e-12, 6.84404e-10
35800, 3.00786e-15, 7.65278e-13, 1.02629e-12, 6.7081e-10
35900, 3.0647e-15, 7.5143e-13, 1.04636e-12, 6.59348e-10
36000, 3.13626e-15, 7.2684e-13, 1.05852e-12, 6.66217e-10
36100, 2.99966e-15, 6.99082e-13, 1.01119e-12, 6.12565e-10
36200, 2.93317e-15, 7.2294e-13, 1.04631e-12, 6.50781e-10
36300, 2.7353e-15, 7.41692e-13, 1.02032e-12, 6.11354e-10
36400, 3.1578e-15, 7.66333e-13, 1.0014e-12, 7.07678e-10
36500, 3.18307e-15, 7.55718e-13, 1.03305e-12, 6.80837e-10
36600, 2.9976e-15, 7.20702e-13, 1.02676e-12, 6.66853e-10
36700, 3.05463e-15, 7.03688e-13, 9.79714e-13, 6.31627e-10
36800, 3.01605e-15, 7.39511e-13, 1.0253e-12, 6.80837e-10
36900, 3.02421e-15, 7.71585e-13, 1.05586e-12, 6.57901e-10
37000, 3.03438e-15, 6.96187e-13, 9.79817e-13, 6.41111e-10
37100, 2.95411e-15, 7.11679e-13, 9.45882e-13, 6.71283e-10
37200, 3.05059e-15, 7.47118e-13, 1.0668e-12, 6.67646e-10
37300, 3.01196e-15, 6.82713e-13, 1.00602e-12, 6.80837e-10
37400, 2.97697e-15, 7.62105e-13, 1.01429e-12, 6.60631e-10
37500, 2.89085e-15, 7.11679e-13, 1.03203e-12, 6.46374e-10
37600, 2.99349e-15, 7.40057e-13, 1.02867e-12, 6.37799e-10
37700, 2.99143e-15, 7.3072e-13, 9.97324e-13, 6.52244e-10
37800, 2.93107e-15, 7.03114e-13, 1.01977e-12, 6.65104e-10
37900, 3.07273e-15, 7.25728e-13, 1.05779e-12, 6.71283e-10
38000, 2.92686e-15, 7.27396e-13, 9.65031e-13, 6.35637e-10
38100, 3.07474e-15, 7.69489e-13, 1.01841e-12, 7.09322e-10
38200, 3.10664e-15, 7.2906e-13, 1.00313e-12, 6.60631e-10
38300, 3.15194e-15, 7.24614e-13, 9.88397e-13, 6.47683e-10
38400, 3.03235e-15, 6.99659e-13, 1.01863e-12, 6.90105e-10
38500, 2.9666e-15, 7.12246e-13, 9.94231e-13, 6.46374e-10
38600, 2.97075e-15, 7.6686e-13, 1.07333e-12, 6.50293e-10
38700, 3.01605e-15, 7.19019e-13, 1.0365e-12, 6.61912e-10
38800, 2.9976e-15, 7.55718e-13, 1.06292e-12, 6.56774e-10
38900, 3.05261e-15, 7.25171e-13, 1.00494e-12, 6.48989e-10
39000, 3.1908e-15, 7.63693e-13, 1.03113e-12, 6.85177e-10
39100, 3.01605e-15, 7.72632e-13, 1.02112e-12, 6.66217e-10
39200, 2.91209e-15, 7.43324e-13, 9.78237e-13, 6.60631e-10
39300, 3.11061e-15, 7.6475e-13, 1.05453e-12, 6.48826e-10
39400, 2.90785e-15, 7.11679e-13, 1.03805e-12, 6.32966e-10
39500, 2.9749e-15, 7.44952e-13, 1.05866e-12, 7.07079e-10
39600, 2.91209e-15, 6.88017e-13, 1.00853e-12, 6.15324e-10
39700, 3.07474e-15, 7.50355e-13, 1.02651e-12, 6.68122e-10
39800, 2.95411e-15, 7.19019e-13, 1.05105e-12, 6.46865e-10
39900, 2.87588e-15, 7.03688e-13, 1.08571e-12, 6.31627e-10
40000, 3.07474e-15, 7.70538e-13, 1.03156e-12, 6.75685e-10
40100, 3.10466e-15, 7.19019e-13, 9.51138e-13, 6.13946e-10
40200, 3.04452e-15, 7.41692e-13, 1.10011e-12, 6.7396e-10
40300, 3.02217e-15, 7.15076e-13, 1.00368e-12, 6.50944e-10
40400, 2.91843e-15, 7.50893e-13, 1.02113e-12, 6.51432e-10
40500, 3.00991e-15, 7.01389e-13, 9.74668e-13, 6.40945e-10
40600, 3.00786e-15, 7.0254e-13, 1.02231e-12, 6.45718e-10
40700, 3.13822e-15, 7.64222e-13, 1.08784e-12, 6.92402e-10
40800, 2.75997e-15, 6.70776e-13, 1.02233e-12, 6.03685e-10
40900, 3.01196e-15, 7.24057e-13, 1.08998e-12, 6.73802e-10
41000, 2.79767e-15, 7.5143e-13, 1.06268e-12, 6.20123e-10
41100, 3.05463e-15, 7.50355e-13, 1.00366e-12, 6.48989e-10
41200, 2.79547e-15, 7.56253e-13, 1.0417e-12, 6.52244e-10
41300, 3.17337e-15, 7.1564e-13, 1.02022e-12, 6.83321e-10
41400, 2.93737e-15, 7.09405e-13, 9.8368e-13, 6.24208e-10
41500, 2.92476e-15, 7.42781e-13, 1.02014e-12, 6.44405e-10
41600, 3.02828e-15, 7.38964e-13, 1.04115e-12, 6.49479e-10
41700, 2.90997e-15, 7.58386e-13, 1.01326e-12, 6.59348e-10
41800, 2.93528e-15, 7.00813e-13, 1.04036e-12, 6.43089e-10
41900, 2.92265e-15, 7.41692e-13, 1.01051e-12, 6.42925e-10
42000, 3.11852e-15, 7.94792e-13, 9.99251e-13, 6.58705e-10
42100, 2.8673e-15, 6.88017e-13, 1.02316e-12, 6.21658e-10
42200, 2.92897e-15, 7.17332e-13, 9.83533e-13, 6.61752e-10
42300, 3.08074e-15, 7.47658e-13, 9.95739e-13, 6.32966e-10
42400, 3.03235e-15, 7.53577e-13, 1.03213e-12, 6.69388e-10
42500, 2.97904e-15, 6.76174e-13, 9.85584e-13, 6.52244e-10
42600, 2.74654e-15, 6.56166e-13, 1.06014e-12, 5.80802e-10
42700, 2.92265e-15, 7.03688e-13, 9.80004e-13, 6.47029e-10
42800, 2.92054e-15, 7.2294e-13, 1.05769e-12, 6.1118e-10
42900, 2.94785e-15, 7.73154e-13, 1.08085e-12, 6.84559e-10
43000, 3.17726e-15, 7.54649e-13, 1.01388e-12, 6.85177e-10
43100, 3.0647e-15, 7.36775e-13, 1.03295e-12, 6.84559e-10
43200, 3.03032e-15, 7.25728e-13, 1.00045e-12, 6.73802e-10
43300, 2.82398e-15, 6.80342e-13, 9.86529e-13, 6.27085e-10
43400, 2.92897e-15, 6.97346e-13, 1.0014e-12, 6.46865e-10
43500, 3.02625e-15, 7.38964e-13, 1.08236e-12, 6.52731e-10
43600, 2.8716e-15, 7.38964e-13, 1.07411e-12, 6.35804e-10
43700, 2.86084e-15, 7.12246e-13, 9.80168e-13, 6.39622e-10
43800, 3.01605e-15, 7.55184e-13, 1.00569e-12, 6.67011e-10
43900, 3.10068e-15, 7.63693e-13, 1.05383e-12, 6.85795e-10
44000, 2.88444e-15, 7.35128e-13, 9.9743e-13, 6.41606e-10
44100, 2.94994e-15, 7.25728e-13, 1.02445e-12, 6.84559e-10
44200, 2.92265e-15, 7.10543e-13, 1.05239e-12, 6.18756e-10
44300, 2.8327e-15, 7.2906e-13, 1.03574e-12, 6.48989e-10
44400, 2.93107e-15, 7.19019e-13, 9.77243e-13, 6.57418e-10
44500, 3.13036e-15, 7.43867e-13, 9.61549e-13, 6.56774e-10
44600, 2.9873e-15, 7.36775e-13, 1.02998e-12, 6.73802e-10
44700, 2.90361e-15, 7.35128e-13, 1.03541e-12, 6.44898e-10
44800, 3.00991e-15, 7.40057e-13, 9.9499e-13, 6.80059e-10
44900, 2.86084e-15, 7.24057e-13, 9.45783e-13, 6.36968e-10
45000, 3.04452e-15, 7.55184e-13, 9.68031e-13, 6.5999e-10
45100, 3.05664e-15, 7.34029e-13, 1.06426e-12, 6.23699e-10
45200, 2.93947e-15, 7.14511e-13, 1.05397e-12, 6.63191e-10
45300, 2.92265e-15, 7.24614e-13, 1.00498e-12, 6.3896e-10
45400, 2.9976e-15, 7.46036e-13, 1.06897e-12, 6.44405e-10
45500, 3.05261e-15, 7.44952e-13, 1.02431e-12, 6.61112e-10
45600, 2.90149e-15, 6.92697e-13, 9.77465e-13, 6.38463e-10
45700, 3.01196e-15, 7.20702e-13, 1.02814e-12, 6.7002e-10
45800, 2.90785e-15, 6.98504e-13, 9.78985e-13, 6.59348e-10
45900, 2.92897e-15, 7.35128e-13, 9.50413e-13, 6.49479e-10
46000, 2.94575e-15, 7.04262e-13, 9.77114e-13, 6.47683e-10
46100, 3.25392e-15, 7.72109e-13, 1.06537e-12, 6.89337e-10
46200, 3.06269e-15, 7.01389e-13, 1.00819e-12, 6.38463e-10
46300, 3.17337e-15, 7.32376e-13, 9.96929e-13, 6.48989e-10
46400, 3.09671e-15, 7.2294e-13, 1.01921e-12, 6.43089e-10
46500, 2.94575e-15, 7.20141e-13, 1.06103e-12, 6.16871e-10
46600, 3.01401e-15, 7.42781e-13, 9.88302e-13, 6.88876e-10
46700, 2.98318e-15, 7.09405e-13, 1.01478e-12, 6.38297e-10
46800, 2.98937e-15, 7.33478e-13, 1.07552e-12, 6.4621e-10
46900, 2.8218e-15, 6.96187e-13, 1.08051e-12, 6.51432e-10
47000, 3.12247e-15, 7.49277e-13, 1.07065e-12, 6.61112e-10
47100, 2.9873e-15, 6.78559e-13, 9.65223e-13, 6.60631e-10
47200, 2.89936e-15, 6.88017e-13, 1.04489e-12, 6.45554e-10
47300, 2.92686e-15, 7.1564e-13, 9.71622e-13, 6.42266e-10
47400, 2.90361e-15, 6.8919e-13, 1.01085e-12, 6.44405e-10
47500, 2.93317e-15, 7.67912e-13, 1.00259e-12, 6.6574e-10
47600, 2.9562e-15, 7.3072e-13, 1.02041e-12, 6.67487e-10
47700, 3.21006e-15, 7.53577e-13, 1.05948e-12, 6.80214e-10
47800, 2.81743e-15, 7.36227e-13, 1.00643e-12, 6.39788e-10
47900, 3.07474e-15, 7.03688e-13, 1.03841e-12, 6.57901e-10
48000, 3.0987e-15, 7.47658e-13, 1.06543e-12, 6.69546e-10
48100, 2.97075e-15, 7.23499e-13, 1.04023e-12, 6.64945e-10
48200, 3.03032e-15, 7.07124e-13, 1.0407e-12, 7.22338e-10
48300, 3.07273e-15, 7.63164e-13, 1.03976e-12, 6.62392e-10
48400, 2.92054e-15, 6.61072e-13, 1.01599e-12, 6.22339e-10
48500, 3.03032e-15, 7.24057e-13, 1.00594e-12, 6.53541e-10
48600, 2.98318e-15, 6.86842e-13, 1.02575e-12, 6.71441e-10
48700, 3.05664e-15, 7.57853e-13, 1.04724e-12, 6.66217e-10
48800, 3.10068e-15, 7.05408e-13, 1.05338e-12, 6.55483e-10
48900, 3.06269e-15, 7.1564e-13, 1.05131e-12, 6.50781e-10
49000, 3.03438e-15, 7.20141e-13, 1.05617e-12, 6.26409e-10
49100, 3.13232e-15, 7.00813e-13, 9.81814e-13, 6.18242e-10
49200, 2.95411e-15, 7.1958e-13, 1.02634e-12, 6.94844e-10
49300, 3.06269e-15, 7.78879e-13, 1.01834e-12, 6.75842e-10
49400, 3.03235e-15, 7.16205e-13, 1.08088e-12, 6.47029e-10
49500, 3.11457e-15, 7.65806e-13, 1.09667e-12, 6.61912e-10
49600, 3.24063e-15, 7.40057e-13, 9.97482e-13, 6.71283e-10
49700, 2.87803e-15, 6.6412e-13, 9.78718e-13, 6.15496e-10
49800, 3.18307e-15, 7.50893e-13, 1.05834e-12, 6.75215e-10
49900, 2.7555e-15, 6.88604e-13, 1.01303e-12, 6.15496e-10
50000, 3.10267e-15, 7.46577e-13, 1.06037e-12, 6.59829e-10
50100, 2.98318e-15, 7.87646e-13, 1.01859e-12, 6.43583e-10
50200, 2.95202e-15, 7.36227e-13, 1.00748e-12, 6.60631e-10
50300, 3.1578e-15, 7.75241e-13, 1.05075e-12, 6.80681e-10
50400, 2.93528e-15, 7.15076e-13, 1.06263e-12, 6.45718e-10
50500, 3.10862e-15, 7.36227e-13, 1.05773e-12, 6.99855e-10
50600, 3.00581e-15, 7.46577e-13, 1.02675e-12, 6.91331e-10
50700, 3.03844e-15, 6.77964e-13, 9.70831e-13, 6.55321e-10
50800, 2.9142e-15, 7.1564e-13, 1.07545e-12, 6.39622e-10
50900, 3.05664e-15, 7.40602e-13, 9.86627e-13, 6.63031e-10
51000, 3.08874e-15, 7.56253e-13, 1.04246e-12, 6.38463e-10
51100, 2.96036e-15, 7.76802e-13, 1.02134e-12, 6.87645e-10
51200, 3.15194e-15, 7.2906e-13, 1.02677e-12, 6.827e-10
51300, 3.36564e-15, 7.38418e-13, 9.87471e-13, 7.12301e-10
51400, 3.17726e-15, 7.79398e-13, 1.0356e-12, 7.08276e-10
51500, 3.11061e-15, 7.3787e-13, 1.06954e-12, 6.77094e-10
51600, 2.97075e-15, 7.34029e-13, 1.01227e-12, 6.72072e-10
51700, 2.94994e-15, 7.30167e-13, 9.2073e-13, 6.63031e-10
51800, 2.99349e-15, 6.92697e-13, 1.06406e-12, 6.29107e-10
51900, 2.93317e-15, 7.12813e-13, 1.00654e-12, 6.4045e-10
52000, 3.02828e-15, 7.08835e-13, 9.28192e-13, 6.55483e-10
52100, 2.90361e-15, 7.05981e-13, 9.29248e-13, 6.21658e-10
52200, 2.89511e-15, 7.22381e-13, 1.0894e-12, 6.80837e-10
52300, 3.09472e-15, 7.76802e-13, 1.00699e-12, 6.90105e-10
52400, 3.09671e-15, 7.75241e-13, 1.09243e-12, 6.44241e-10
52500, 2.91209e-15, 7.39511e-13, 1.04939e-12, 6.52893e-10
52600, 2.96244e-15, 7.13379e-13, 9.92576e-13, 6.48173e-10
52700, 3.02013e-15, 7.36227e-13, 1.07774e-12, 6.57418e-10
52800, 2.96868e-15, 6.98504e-13, 1.00564e-12, 6.40284e-10
52900, 3.18113e-15, 7.49816e-13, 1.0831e-12, 6.75685e-10
53000, 2.99349e-15, 7.40057e-13, 1.05274e-12, 6.4045e-10
53100, 3.01809e-15, 6.8919e-13, 1.01684e-12, 6.3647e-10
53200, 3.03438e-15, 7.61575e-13, 1.11072e-12, 6.5013e-10
53300, 3.00786e-15, 7.27951e-13, 9.96874e-13, 6.71283e-10
53400, 3.08274e-15, 8.01875e-13, 1.05629e-12, 6.98037e-10
53500, 2.90361e-15, 6.99082e-13, 1.04756e-12, 6.27591e-10
53600, 2.84572e-15, 7.24057e-13, 9.73477e-13, 6.52244e-10
53700, 3.02828e-15, 7.41692e-13, 1.01029e-12, 6.79592e-10
53800, 2.88444e-15, 7.1564e-13, 1.04058e-12, 6.57257e-10
53900, 3.31397e-15, 7.2294e-13, 1.03325e-12, 6.45718e-10
54000, 3.03438e-15, 7.35128e-13, 1.06769e-12, 6.25563e-10
54100, 3.02625e-15, 7.13945e-13, 1.01023e-12, 6.71441e-10
54200, 2.93528e-15, 7.43867e-13, 1.04378e-12, 6.62392e-10
54300, 2.94785e-15, 7.34579e-13, 9.71154e-13, 6.32966e-10
54400, 3.21582e-15, 7.81468e-13, 1.06649e-12, 7.18959e-10
54500, 3.09671e-15, 7.51968e-13, 1.06376e-12, 6.75058e-10
54600, 2.9666e-15, 7.77322e-13, 1.02244e-12, 6.30956e-10
54700, 2.87588e-15, 7.07124e-13, 9.99743e-13, 6.36303e-10
54800, 2.95828e-15, 7.19019e-13, 1.05412e-12, 6.30284e-10
54900, 3.00991e-15, 7.58386e-13, 9.80722e-13, 6.64307e-10
55000, 2.99555e-15, 7.09974e-13, 1.03599e-12, 6.65581e-10
55100, 3.00171e-15, 7.42781e-13, 1.0868e-12, 6.73331e-10
55200, 2.99143e-15, 6.92114e-13, 1.10876e-12, 6.42266e-10
55300, 2.90149e-15, 7.13379e-13, 9.61258e-13, 6.41771e-10
55400, 3.38754e-15, 7.7472e-13, 1.02867e-12, 7.12895e-10
55500, 2.86084e-15, 7.21262e-13, 9.65661e-13, 6.71283e-10
55600, 3.04452e-15, 7.35678e-13, 9.71922e-13, 6.72072e-10
55700, 2.95202e-15, 7.16768e-13, 1.03433e-12, 6.6828e-10
55800, 3.08474e-15, 7.20141e-13, 1.04512e-12, 6.57901e-10
55900, 3.07474e-15, 7.50355e-13, 1.02976e-12, 6.58062e-10
56000, 2.93737e-15, 7.19019e-13, 9.74789e-13, 6.15496e-10
56100, 2.93947e-15, 6.88604e-13, 1.01033e-12, 6.38297e-10
56200, 2.92054e-15, 6.95606e-13, 1.04218e-12, 6.36303e-10
56300, 2.81962e-15, 7.61575e-13, 1.029e-12, 6.31794e-10
56400, 2.9142e-15, 7.05981e-13, 1.05317e-12, 6.25055e-10
56500, 3.1617e-15, 7.47658e-13, 1.00258e-12, 6.73331e-10
56600, 3.14607e-15, 7.43867e-13, 1.05836e-12, 6.83785e-10
56700, 3.09671e-15, 7.32376e-13, 1.04243e-12, 6.43748e-10
56800, 2.97904e-15, 7.14511e-13, 1.01788e-12, 6.24886e-10
56900, 2.97075e-15, 7.17894e-13, 1.0633e-12, 6.81925e-10
57000, 2.84139e-15, 6.77964e-13, 1.04809e-12, 6.31124e-10
57100, 3.07474e-15, 7.50893e-13, 9.57388e-13, 6.58705e-10
57200, 3.14998e-15, 7.35678e-13, 1.03614e-12, 6.61752e-10
57300, 2.79988e-15, 6.80936e-13, 1.03453e-12, 6.31124e-10
57400, 2.88017e-15, 7.40602e-13, 1.0006e-12, 6.66376e-10
57500, 2.83922e-15, 7.31272e-13, 1.05114e-12, 6.39788e-10
57600, 3.17919e-15, 8.01875e-13, 1.0767e-12, 6.73802e-10
57700, 3.11457e-15, 6.96767e-13, 1.02016e-12, 6.69546e-10
57800, 2.83922e-15, 7.17332e-13, 1.08543e-12, 6.16699e-10
57900, 2.93737e-15, 7.06552e-13, 1.03917e-12, 6.39126e-10
58000, 2.89085e-15, 7.12813e-13, 9.81479e-13, 6.43583e-10
58100, 3.17919e-15, 7.72109e-13, 9.82524e-13, 6.70652e-10
58200, 2.95411e-15, 7.12813e-13, 1.08955e-12, 6.73802e-10
58300, 3.05463e-15, 6.75576e-13, 1.01157e-12, 6.64307e-10
58400, 3.04047e-15, 6.96187e-13, 1.01688e-12, 6.47683e-10
58500, 2.92476e-15, 6.82713e-13, 1.01379e-12, 6.7081e-10
58600, 3.20622e-15, 7.16768e-13, 1.07098e-12, 6.58705e-10
58700, 3.14607e-15, 7.50893e-13, 9.89605e-13, 6.88876e-10
58800, 2.85869e-15, 7.09974e-13, 1.02149e-12, 6.57901e-10
58900, 3.04047e-15, 7.17332e-13, 1.01361e-12, 6.56774e-10
59000, 2.98318e-15, 7.08265e-13, 1.05677e-12, 6.40945e-10
59100, 3.04655e-15, 7.48738e-13, 1.06199e-12, 6.77563e-10
59200, 2.94994e-15, 7.13379e-13, 1.05425e-12, 6.52082e-10
59300, 2.79547e-15, 7.22381e-13, 1.08313e-12, 6.70178e-10
59400, 2.94366e-15, 7.03688e-13, 1.06337e-12, 6.44405e-10
59500, 3.21582e-15, 7.1958e-13, 1.00957e-12, 6.71441e-10
59600, 3.06067e-15, 6.90361e-13, 1.06084e-12, 6.95454e-10
59700, 2.93528e-15, 7.66333e-13, 9.31307e-13, 6.66217e-10
59800, 2.94366e-15, 6.7198e-13, 9.7764e-13, 6.63669e-10
59900, 3.1617e-15, 7.36775e-13, 1.02337e-12, 6.67487e-10
60000, 3.0425e-15, 7.34029e-13, 9.66407e-13, 6.05087e-10
60100, 2.97697e-15, 7.16768e-13, 1.03743e-12, 6.7396e-10
60200, 2.99966e-15, 7.73154e-13, 1.0608e-12, 6.55483e-10
60300, 2.99349e-15, 7.27396e-13, 9.97064e-13, 6.32464e-10
60400, 2.93947e-15, 7.33478e-13, 1.03695e-12, 6.41111e-10
60500, 3.02828e-15, 7.78879e-13, 1.14547e-12, 6.55967e-10
60600, 2.95828e-15, 7.75241e-13, 9.90149e-13, 6.41111e-10
60700, 3.13822e-15, 7.52505e-13, 1.10101e-12, 6.79436e-10
60800, 3.0425e-15, 7.42237e-13, 1.00606e-12, 6.58705e-10
60900, 2.90785e-15, 7.27951e-13, 9.77708e-13, 6.27085e-10
61000, 2.85005e-15, 6.97346e-13, 1.03484e-12, 6.29612e-10
61100, 2.96036e-15, 7.35678e-13, 9.84536e-13, 6.55967e-10
61200, 3.12642e-15, 7.20702e-13, 1.03338e-12, 6.48826e-10
61300, 3.07874e-15, 7.38964e-13, 1.1199e-12, 6.87491e-10
61400, 3.14607e-15, 7.3072e-13, 9.85462e-13, 7.10068e-10
61500, 2.96036e-15, 7.35128e-13, 1.12188e-12, 6.30284e-10
61600, 3.10466e-15, 7.56786e-13, 1.08039e-12, 6.54836e-10
61700, 3.09472e-15, 7.11111e-13, 1.06508e-12, 6.66853e-10
61800, 3.18694e-15, 7.48198e-13, 1.04683e-12, 6.62392e-10
61900, 2.96244e-15, 7.62105e-13, 9.81067e-13, 6.69388e-10
62000, 3.0987e-15, 7.61044e-13, 1.11217e-12, 6.35637e-10
62100, 3.10267e-15, 7.47658e-13, 1.05452e-12, 6.827e-10
62200, 2.83052e-15, 7.35678e-13, 1.03234e-12, 6.55483e-10
62300, 3.00581e-15, 6.99082e-13, 1.01184e-12, 6.37135e-10
62400, 3.01605e-15, 7.45494e-13, 1.00064e-12, 6.67646e-10
62500, 3.11457e-15, 7.2906e-13, 9.61373e-13, 6.23019e-10
62600, 2.88871e-15, 6.70174e-13, 9.49073e-13, 6.21488e-10
62700, 2.98111e-15, 7.1958e-13, 1.02307e-12, 6.61912e-10
62800, 3.14607e-15, 7.3072e-13, 1.14513e-12, 6.47519e-10
62900, 3.11457e-15, 7.95808e-13, 1.03536e-12, 6.70178e-10
63000, 2.9562e-15, 7.30167e-13, 1.01924e-12, 6.39126e-10
63100, 3.04452e-15, 7.64222e-13, 1.0429e-12, 6.52082e-10
63200, 2.99143e-15, 7.6686e-13, 1.0164e-12, 6.76938e-10
63300, 2.88231e-15, 6.96187e-13, 1.04701e-12, 6.58545e-10
63400, 2.92054e-15, 7.23499e-13, 9.94126e-13, 6.52082e-10
63500, 3.03641e-15, 7.59982e-13, 1.07991e-12, 6.72702e-10
63600, 2.97904e-15, 7.24614e-13, 9.32803e-13, 6.50293e-10
63700, 3.19659e-15, 7.44952e-13, 1.09995e-12, 6.61272e-10
63800, 2.85653e-15, 6.8919e-13, 1.03204e-12, 6.24377e-10
63900, 2.95828e-15, 7.27951e-13, 1.10739e-12, 6.43583e-10
64000, 2.99966e-15, 7.55184e-13, 1.03846e-12, 6.24377e-10
64100, 2.74654e-15, 6.9153e-13, 9.65645e-13, 6.3647e-10
64200, 3.02217e-15, 7.14511e-13, 1.04455e-12, 6.62392e-10
64300, 3.08874e-15, 7.16768e-13, 9.8181e-13, 6.59829e-10
64400, 3.16365e-15, 7.3072e-13, 1.04542e-12, 6.56774e-10
64500, 3.05664e-15, 7.49816e-13, 1.02541e-12, 6.76938e-10
64600, 2.85005e-15, 6.83304e-13, 1.0273e-12, 6.56774e-10
64700, 3.06872e-15, 7.50355e-13, 1.04174e-12, 6.76312e-10
64800, 2.91209e-15, 7.34029e-13, 9.96937e-13, 6.59187e-10
64900, 3.03438e-15, 7.33478e-13, 1.10203e-12, 6.61272e-10
65000, 2.90361e-15, 7.14511e-13, 1.03996e-12, 6.39126e-10
65100, 3.02217e-15, 6.95026e-13, 9.81743e-13, 6.23699e-10
65200, 2.92054e-15, 7.50893e-13, 1.01225e-12, 6.54189e-10
65300, 3.08874e-15, 7.63164e-13, 1.09038e-12, 6.58705e-10
65400, 3.08474e-15, 7.42237e-13, 1.0251e-12, 6.71283e-10
65500, 2.94157e-15, 7.16205e-13, 1.08607e-12, 6.28265e-10
65600, 2.97283e-15, 7.33478e-13, 1.12289e-12, 6.39788e-10
65700, 3.14018e-15, 7.17332e-13, 1.02928e-12, 6.63191e-10
65800, 3.03641e-15, 8.19315e-13, 1.12298e-12, 6.84559e-10
65900, 3.33991e-15, 7.73676e-13, 1.00276e-12, 6.88876e-10
66000, 3.12642e-15, 7.55718e-13, 1.00511e-12, 6.56612e-10
66100, 2.94157e-15, 7.27951e-13, 1.02881e-12, 6.41771e-10
66200, 2.81086e-15, 7.01964e-13, 9.75391e-13, 5.86426e-10
66300, 3.10862e-15, 7.34579e-13, 1.00794e-12, 6.30956e-10
66400, 2.95828e-15, 6.93862e-13, 1.00187e-12, 6.60631e-10
66500, 3.15975e-15, 7.31825e-13, 1.04338e-12, 6.85023e-10
66600, 2.89298e-15, 6.5555e-13, 1.03426e-12, 6.23019e-10
66700, 3.00786e-15, 7.2684e-13, 9.67118e-13, 6.74588e-10
66800, 3.05866e-15, 7.54113e-13, 9.17863e-13, 7.00309e-10
66900, 3.08674e-15, 7.3072e-13, 1.07833e-12, 6.43583e-10
67000, 2.92265e-15, 7.3072e-13, 1.05642e-12, 6.10487e-10
67100, 3.08474e-15, 7.43867e-13, 1.04811e-12, 6.827e-10
67200, 3.18694e-15, 7.00236e-13, 1.0637e-12, 6.6828e-10
67300, 3.00171e-15, 6.7258e-13, 9.82607e-13, 6.47683e-10
67400, 3.03641e-15, 7.5143e-13, 9.59963e-13, 6.6574e-10
67500, 2.84139e-15, 7.10543e-13, 1.07973e-12, 6.56774e-10
67600, 2.99555e-15, 7.19019e-13, 1.02766e-12, 6.35804e-10
67700, 2.95828e-15, 7.25171e-13, 9.66285e-13, 6.49479e-10
67800, 3.10466e-15, 7.63164e-13, 1.01785e-12, 6.93166e-10
67900, 3.04655e-15, 7.49816e-13, 1.00145e-12, 6.50293e-10
68000, 2.9873e-15, 7.18457e-13, 1.09808e-12, 6.23019e-10
68100, 2.98111e-15, 6.87429e-13, 1.11608e-12, 6.37633e-10
68200, 2.8327e-15, 7.20702e-13, 1.04856e-12, 6.61752e-10
68300, 3.0425e-15, 7.38964e-13, 9.50936e-13, 6.83166e-10
68400, 2.94157e-15, 7.1564e-13, 1.0832e-12, 6.24886e-10
68500, 2.92686e-15, 7.44952e-13, 1.03911e-12, 6.42925e-10
68600, 3.00786e-15, 7.39511e-13, 1.02149e-12, 6.55321e-10
68700, 2.98111e-15, 7.79398e-13, 1.00749e-12, 6.827e-10
68800, 3.17532e-15, 7.2906e-13, 1.0287e-12, 6.48826e-10
68900, 2.89298e-15, 6.89776e-13, 1.02516e-12, 6.41111e-10
69000, 3.09671e-15, 7.09405e-13, 1.00737e-12, 6.57418e-10
69100, 3.24444e-15, 7.70538e-13, 1.04669e-12, 6.91178e-10
69200, 2.85221e-15, 7.13945e-13, 1.07865e-12, 6.25055e-10
69300, 3.04452e-15, 7.58918e-13, 1.0172e-12, 6.46865e-10
69400, 3.04857e-15, 7.41692e-13, 1.07808e-12, 6.53379e-10
69500, 2.90573e-15, 7.27396e-13, 1.11038e-12, 6.26409e-10
69600, 2.90361e-15, 7.41692e-13, 9.98121e-13, 6.23019e-10
69700, 2.93947e-15, 7.45494e-13, 1.06296e-12, 6.30452e-10
69800, 3.00786e-15, 7.38964e-13, 1.07087e-12, 6.33802e-10
69900, 3.04857e-15, 7.40057e-13, 1.0583e-12, 6.54674e-10
70000, 3.02421e-15, 7.36775e-13, 9.72673e-13, 6.52082e-10
70100, 3.00786e-15, 7.53041e-13, 9.93946e-13, 6.47683e-10
70200, 3.07674e-15, 7.71062e-13, 1.07847e-12, 6.47029e-10
70300, 3.11061e-15, 7.61575e-13, 1.05379e-12, 6.80214e-10
70400, 3.07273e-15, 6.85075e-13, 1.00912e-12, 6.39622e-10
70500, 3.0987e-15, 7.65278e-13, 1.03706e-12, 6.83321e-10
70600, 2.96244e-15, 7.64222e-13, 1.04193e-12, 6.72072e-10
70700, 2.69672e-15, 6.85075e-13, 1.01734e-12, 6.2624e-10
70800, 3.0425e-15, 7.79916e-13, 1.02339e-12, 6.70178e-10
70900, 2.92686e-15, 7.42237e-13, 9.96906e-13, 6.61112e-10
71000, 3.09671e-15, 7.67386e-13, 1.02561e-12, 6.96062e-10
71100, 2.94157e-15, 7.42781e-13, 1.04239e-12, 6.22849e-10
71200, 3.15975e-15, 7.953e-13, 1.11452e-12, 6.96823e-10
71300, 2.75102e-15, 7.22381e-13, 1.03014e-12, 6.04211e-10
71400, 3.03032e-15, 7.43324e-13, 1.10401e-12, 6.67011e-10
71500, 3.00581e-15, 7.11111e-13, 1.07775e-12, 6.2624e-10
71600, 3.09073e-15, 7.47118e-13, 1.02643e-12, 6.57418e-10
71700, 2.8327e-15, 7.50355e-13, 1.05076e-12, 6.41606e-10
71800, 3.13822e-15, 7.83532e-13, 1.03347e-12, 6.54836e-10
71900, 2.99143e-15, 7.27396e-13, 1.02e-12, 6.34303e-10
72000, 2.863e-15, 7.24614e-13, 1.00218e-12, 6.26409e-10
72100, 3.17143e-15, 7.58386e-13, 1.02188e-12, 6.61912e-10
72200, 2.94785e-15, 7.05981e-13, 1.06381e-12, 6.46865e-10
72300, 2.90361e-15, 6.96767e-13, 1.02446e-12, 6.35804e-10
72400, 3.01605e-15, 7.65278e-13, 1.05793e-12, 6.3647e-10
72500, 2.89724e-15, 7.2906e-13, 9.56342e-13, 6.6574e-10
72600, 3.05059e-15, 7.28506e-13, 1.01143e-12, 6.54836e-10
72700, 2.87374e-15, 7.51968e-13, 1.06249e-12, 6.59348e-10
72800, 3.00991e-15, 7.29614e-13, 1.02112e-12, 6.66217e-10
72900, 2.76443e-15, 7.34029e-13, 1.02076e-12, 6.39622e-10
73000, 3.14411e-15, 7.66333e-13, 1.00671e-12, 6.56612e-10
73100, 2.87588e-15, 7.35128e-13, 1.10156e-12, 6.54189e-10
73200, 3.05059e-15, 7.38418e-13, 1.04036e-12, 6.77719e-10
73300, 2.82617e-15, 6.71378e-13, 9.55973e-13, 5.90205e-10
73400, 2.92476e-15, 6.41853e-13, 1.00631e-12, 6.43089e-10
73500, 2.7555e-15, 6.7258e-13, 9.68526e-13, 5.99285e-10
73600, 3.12444e-15, 7.54649e-13, 9.69096e-13, 6.50293e-10
73700, 2.86084e-15, 7.04835e-13, 1.02001e-12, 6.56612e-10
73800, 3.14998e-15, 6.99659e-13, 1.03573e-12, 6.68755e-10
73900, 2.94575e-15, 7.0254e-13, 9.97389e-13, 6.51594e-10
74000, 3.10664e-15, 7.61575e-13, 9.98919e-13, 6.6574e-10
74100, 2.99966e-15, 7.35678e-13, 1.00918e-12, 6.82545e-10
74200, 2.98111e-15, 7.08265e-13, 1.10269e-12, 6.48826e-10
74300, 3.02828e-15, 7.59982e-13, 9.89286e-13, 6.81303e-10
74400, 2.92476e-15, 7.21822e-13, 9.87879e-13, 6.52244e-10
74500, 3.0987e-15, 7.58386e-13, 1.0465e-12, 6.45062e-10
74600, 2.94157e-15, 6.95026e-13, 1.08833e-12, 6.4243e-10
74700, 2.89298e-15, 7.26285e-13, 1.02544e-12, 6.41771e-10
74800, 2.87803e-15, 7.59982e-13, 1.06361e-12, 6.63031e-10
74900, 2.93317e-15, 7.70013e-13, 1.05772e-12, 6.72544e-10
75000, 2.80427e-15, 6.95606e-13, 1.01265e-12, 6.49479e-10
75100, 2.97904e-15, 7.61044e-13, 1.04636e-12, 6.67011e-10
75200, 2.9562e-15, 6.95026e-13, 1.00012e-12, 6.66217e-10
75300, 3.04655e-15, 7.42781e-13, 9.80746e-13, 6.5013e-10
75400, 2.84789e-15, 7.05408e-13, 9.8438e-13, 6.35637e-10
75500, 2.94785e-15, 7.29614e-13, 1.07112e-12, 6.16012e-10
75600, 3.10664e-15, 7.93775e-13, 1.00233e-12, 7.08276e-10
75700, 2.99349e-15, 7.2684e-13, 1.02734e-12, 6.8208e-10
75800, 2.95411e-15, 7.08835e-13, 1.01841e-12, 6.32966e-10
75900, 2.93107e-15, 7.2684e-13, 1.06244e-12, 6.35804e-10
76000, 2.96452e-15, 7.15076e-13, 1.08019e-12, 6.34971e-10
76100, 3.05664e-15, 6.9153e-13, 9.67796e-13, 6.18071e-10
76200, 3.01196e-15, 7.26285e-13, 1.01667e-12, 6.64467e-10
76300, 2.93737e-15, 6.80936e-13, 1.00447e-12, 6.05087e-10
76400, 3.09671e-15, 7.42237e-13, 9.86329e-13, 6.8208e-10
76500, 3.03438e-15, 7.65278e-13, 1.02609e-12, 6.97278e-10
76600, 3.1617e-15, 7.5143e-13, 1.02122e-12, 6.95606e-10
76700, 3.03844e-15, 7.5732e-13, 1.01684e-12, 6.83166e-10
76800, 3.04857e-15, 7.27396e-13, 9.8174e-13, 6.81925e-10
76900, 3.05664e-15, 7.38964e-13, 1.07096e-12, 6.60471e-10
77000, 2.94157e-15, 7.37323e-13, 1.08237e-12, 6.7081e-10
77100, 2.84356e-15, 7.08835e-13, 1.05955e-12, 6.55483e-10
77200, 3.03844e-15, 7.89182e-13, 1.00731e-12, 6.60471e-10
77300, 2.81524e-15, 7.31825e-13, 1.01476e-12, 6.4621e-10
77400, 2.89511e-15, 7.62634e-13, 1.00675e-12, 6.50944e-10
77500, 3.03844e-15, 7.55718e-13, 1.08163e-12, 6.51594e-10
77600, 2.96244e-15, 7.50355e-13, 1.07857e-12, 6.43748e-10
77700, 2.95202e-15, 7.953e-13, 1.07456e-12, 6.70652e-10
77800, 3.13036e-15, 7.6686e-13, 1.02016e-12, 6.92402e-10
77900, 3.06269e-15, 7.61044e-13, 9.67872e-13, 6.69546e-10
78000, 2.9976e-15, 7.38418e-13, 1.03401e-12, 6.58705e-10
78100, 3.18113e-15, 7.70013e-13, 1.0487e-12, 6.91943e-10
78200, 3.28408e-15, 7.6686e-13, 1.01627e-12, 6.93013e-10
78300, 2.90785e-15, 7.16205e-13, 1.02087e-12, 6.54189e-10
78400, 2.99966e-15, 7.25728e-13, 1.0317e-12, 6.27591e-10
78500, 2.86945e-15, 6.99659e-13, 1.0555e-12, 5.99285e-10
78600, 3.15389e-15, 7.82501e-13, 1.07571e-12, 7.02723e-10
78700, 2.99143e-15, 6.57396e-13, 1.01418e-12, 6.50293e-10
78800, 3.05261e-15, 7.89182e-13, 9.98451e-13, 6.69388e-10
78900, 2.94366e-15, 7.25171e-13, 1.00108e-12, 5.87148e-10
79000, 2.88658e-15, 6.86253e-13, 1.04415e-12, 6.19611e-10
79100, 3.03235e-15, 7.24614e-13, 9.89685e-13, 6.57901e-10
79200, 3.03844e-15, 7.1564e-13, 1.02015e-12, 6.58062e-10
79300, 3.11654e-15, 7.28506e-13, 9.32019e-13, 6.46374e-10
79400, 3.28221e-15, 7.72109e-13, 1.10072e-12, 7.07079e-10
79500, 3.05664e-15, 7.54649e-13, 1.05576e-12, 6.89951e-10
79600, 3.07073e-15, 7.63693e-13, 1.04374e-12, 6.63669e-10
79700, 3.00376e-15, 7.58386e-13, 9.94576e-13, 6.94997e-10
79800, 2.85437e-15, 6.67154e-13, 1.05207e-12, 6.11873e-10
79900, 3.12839e-15, 7.03688e-13, 1.03247e-12, 7.13489e-10
80000, 2.95411e-15, 7.13945e-13, 9.85378e-13, 6.40284e-10
80100, 2.98937e-15, 7.30167e-13, 9.75288e-13, 6.75842e-10
80200, 3.06872e-15, 7.47658e-13, 1.0183e-12, 6.73802e-10
80300, 3.0425e-15, 7.41692e-13, 1.00881e-12, 6.52244e-10
80400, 2.97075e-15, 6.90946e-13, 1.05259e-12, 6.44241e-10
80500, 3.11654e-15, 7.36775e-13, 1.05862e-12, 6.57901e-10
80600, 3.04452e-15, 7.34029e-13, 1.05407e-12, 6.58705e-10
80700, 2.77111e-15, 7.54113e-13, 1.00812e-12, 6.50293e-10
80800, 2.93317e-15, 7.44952e-13, 1.07389e-12, 6.57901e-10
80900, 3.19467e-15, 7.05408e-13, 1.01415e-12, 6.94997e-10
81000, 3.01401e-15, 7.66333e-13, 1.04612e-12, 6.36303e-10
81100, 3.02828e-15, 7.2294e-13, 1.01861e-12, 6.59187e-10
81200, 3.17726e-15, 7.49277e-13, 1.0217e-12, 6.48989e-10
81300, 3.00991e-15, 6.98504e-13, 1.02097e-12, 6.59187e-10
81400, 3.13232e-15, 7.77322e-13, 9.5346e-13, 6.99704e-10
81500, 2.88871e-15, 7.00236e-13, 1.02456e-12, 6.22169e-10
81600, 3.02217e-15, 7.35128e-13, 9.14859e-13, 6.61112e-10
81700, 3.06872e-15, 7.25171e-13, 9.78102e-13, 6.39622e-10
81800, 3.02625e-15, 6.96767e-13, 1.03226e-12, 6.78188e-10
81900, 2.85869e-15, 7.12246e-13, 9.82896e-13, 6.50781e-10
82000, 3.07474e-15, 7.72632e-13, 1.0262e-12, 6.69388e-10
82100, 3.01401e-15, 7.80433e-13, 1.02643e-12, 6.7396e-10
82200, 2.8716e-15, 7.20702e-13, 9.67576e-13, 6.41606e-10
82300, 2.97075e-15, 8.01371e-13, 1.02999e-12, 6.58545e-10
82400, 2.93947e-15, 7.08835e-13, 1.00332e-12, 6.62392e-10
82500, 3.1578e-15, 7.80951e-13, 1.08151e-12, 7.1778e-10
82600, 3.00376e-15, 7.49277e-13, 1.00141e-12, 6.67487e-10
82700, 3.05463e-15, 7.13945e-13, 1.01311e-12, 6.57257e-10
82800, 2.82835e-15, 6.46242e-13, 9.5107e-13, 6.48173e-10
82900, 3.11259e-15, 7.41692e-13, 1.04636e-12, 6.72544e-10
83000, 3.01809e-15, 7.11679e-13, 1.01545e-12, 6.46865e-10
83100, 2.80867e-15, 7.03688e-13, 1.03864e-12, 6.24377e-10
83200, 2.97904e-15, 7.27396e-13, 1.0511e-12, 6.55321e-10
83300, 3.11457e-15, 7.34579e-13, 1.00506e-12, 6.64467e-10
83400, 2.78664e-15, 7.32376e-13, 9.68768e-13, 6.19611e-10
83500, 2.93947e-15, 7.89694e-13, 1.00742e-12, 6.77563e-10
83600, 3.1656e-15, 7.86106e-13, 1.10566e-12, 7.26431e-10
83700, 2.90573e-15, 6.83304e-13, 9.26443e-13, 6.4243e-10
83800, 2.94785e-15, 7.37323e-13, 1.00433e-12, 6.57901e-10
83900, 3.08474e-15, 6.94444e-13, 9.92766e-13, 6.59348e-10
84000, 3.02625e-15, 7.16205e-13, 1.07958e-12, 6.61752e-10
84100, 2.83052e-15, 7.1958e-13, 1.08248e-12, 6.02983e-10
84200, 2.92054e-15, 7.52505e-13, 1.02993e-12, 6.35137e-10
84300, 3.13429e-15, 7.71062e-13, 1.07657e-12, 6.56612e-10
84400, 2.9749e-15, 6.95026e-13, 1.03577e-12, 6.35804e-10
84500, 3.07674e-15, 7.46036e-13, 1.05809e-12, 6.72544e-10
84600, 2.9873e-15, 7.4441e-13, 9.93747e-13, 6.63669e-10
84700, 2.98318e-15, 7.19019e-13, 1.0732e-12, 6.00696e-10
84800, 2.89511e-15, 7.20702e-13, 1.05519e-12, 6.37633e-10
84900, 2.77556e-15, 7.21822e-13, 1.01023e-12, 6.34971e-10
85000, 2.84789e-15, 7.37323e-13, 9.80043e-13, 6.60631e-10
85100, 2.78221e-15, 7.17332e-13, 1.04805e-12, 6.33134e-10
85200, 2.863e-15, 7.25728e-13, 1.01183e-12, 6.60631e-10
85300, 3.07874e-15, 7.25171e-13, 9.89478e-13, 6.85023e-10
85400, 2.9142e-15, 7.27396e-13, 1.04634e-12, 6.80059e-10
85500, 3.05664e-15, 7.42237e-13, 1.01564e-12, 6.24886e-10
85600, 2.88871e-15, 7.64222e-13, 1.08145e-12, 6.42266e-10
85700, 3.05463e-15, 7.63693e-13, 9.38808e-13, 6.76938e-10
85800, 3.1205e-15, 7.2906e-13, 1.09562e-12, 6.57257e-10
85900, 2.88231e-15, 7.50355e-13, 1.00695e-12, 6.39126e-10
86000, 2.99966e-15, 7.28506e-13, 1.00326e-12, 6.63031e-10
86100, 2.79988e-15, 6.82713e-13, 9.44313e-13, 6.28265e-10
86200, 2.83488e-15, 7.03688e-13, 9.80057e-13, 6.08576e-10
86300, 2.97904e-15, 7.62105e-13, 9.84026e-13, 6.74588e-10
86400, 3.02421e-15, 7.44952e-13, 9.98645e-13, 6.68755e-10
86500, 2.9976e-15, 7.76802e-13, 1.04479e-12, 6.68913e-10
86600, 2.91843e-15, 7.20141e-13, 1.03917e-12, 6.24208e-10
86700, 3.10068e-15, 7.62634e-13, 9.84385e-13, 6.61112e-10
86800, 2.93947e-15, 7.6475e-13, 1.00007e-12, 6.46374e-10
86900, 3.2139e-15, 7.47118e-13, 1.0011e-12, 7.13044e-10
87000, 2.93528e-15, 6.81529e-13, 9.88758e-13, 6.07706e-10
87100, 3.0647e-15, 7.75241e-13, 9.74408e-13, 6.52893e-10
87200, 2.84572e-15, 6.96767e-13, 1.01908e-12, 6.46374e-10
87300, 2.90149e-15, 7.16205e-13, 1.01848e-12, 6.34303e-10
87400, 3.06872e-15, 6.86253e-13, 1.0263e-12, 6.3447e-10
87500, 2.94366e-15, 6.92114e-13, 1.11823e-12, 6.30452e-10
87600, 3.00376e-15, 7.31272e-13, 1.01927e-12, 6.55321e-10
87700, 2.7622e-15, 6.86253e-13, 1.09426e-12, 6.39788e-10
87800, 2.93528e-15, 7.01389e-13, 9.99313e-13, 6.50293e-10
87900, 2.86515e-15, 7.45494e-13, 1.01605e-12, 6.54836e-10
88000, 2.90785e-15, 7.45494e-13, 1.03342e-12, 6.43089e-10
88100, 2.76666e-15, 6.8919e-13, 1.03078e-12, 6.34971e-10
88200, 3.1908e-15, 8.0439e-13, 1.01524e-12, 7.0693e-10
88300, 3.01809e-15, 7.27396e-13, 1.04899e-12, 6.54836e-10
88400, 2.98524e-15, 7.85592e-13, 1.09612e-12, 6.24377e-10
88500, 3.07073e-15, 7.50355e-13, 9.9816e-13, 6.75842e-10
88600, 2.91209e-15, 7.19019e-13, 9.39578e-13, 6.52244e-10
88700, 3.02217e-15, 7.2906e-13, 1.07301e-12, 6.58705e-10
88800, 2.85653e-15, 7.47658e-13, 1.01761e-12, 6.49642e-10
88900, 3.07874e-15, 7.3787e-13, 1.00059e-12, 6.98492e-10
89000, 3.04452e-15, 7.57853e-13, 1.02043e-12, 6.80214e-10
89100, 2.90785e-15, 6.90946e-13, 1.02209e-12, 6.49642e-10
89200, 3.03641e-15, 7.00236e-13, 1.06922e-12, 6.47029e-10
89300, 3.20045e-15, 6.83895e-13, 9.82479e-13, 6.52244e-10
89400, 3.11259e-15, 7.42781e-13, 9.87606e-13, 6.82545e-10
89500, 2.83705e-15, 7.16768e-13, 1.04101e-12, 6.63191e-10
89600, 3.07073e-15, 7.15076e-13, 9.9429e-13, 6.48989e-10
89700, 2.87374e-15, 7.48738e-13, 9.96616e-13, 6.16699e-10
89800, 3.07674e-15, 7.03688e-13, 1.07028e-12, 6.61112e-10
89900, 2.87803e-15, 7.3072e-13, 1.04401e-12, 6.57257e-10
90000, 2.89298e-15, 7.54649e-13, 1.05148e-12, 6.34303e-10
90100, 3.23302e-15, 7.37323e-13, 1.0273e-12, 6.8208e-10
90200, 2.62022e-15, 6.96767e-13, 1.05373e-12, 6.22339e-10
90300, 2.9873e-15, 7.48198e-13, 1.09941e-12, 6.71441e-10
90400, 3.00991e-15, 7.18457e-13, 9.91915e-13, 6.69546e-10
90500, 3.08274e-15, 7.07695e-13, 9.58517e-13, 6.59348e-10
90600, 2.90997e-15, 6.88017e-13, 1.01637e-12, 6.31794e-10
90700, 2.9142e-15, 7.33478e-13, 1.01063e-12, 6.57418e-10
90800, 2.82617e-15, 6.70174e-13, 1.0005e-12, 5.98047e-10
90900, 3.02828e-15, 7.34029e-13, 1.05953e-12, 6.3647e-10
91000, 2.98111e-15, 7.43324e-13, 1.10478e-12, 6.28265e-10
91100, 2.91632e-15, 7.24614e-13, 9.78648e-13, 6.54027e-10
91200, 2.84572e-15, 6.85075e-13, 1.04333e-12, 6.2978e-10
91300, 2.96036e-15, 7.26285e-13, 1.0683e-12, 6.86412e-10
91400, 3.05059e-15, 7.83017e-13, 1.05792e-12, 6.74588e-10
91500, 3.05261e-15, 7.31825e-13, 1.05844e-12, 6.71283e-10
91600, 3.01809e-15, 7.07695e-13, 9.886e-13, 6.57257e-10
91700, 2.97904e-15, 7.49816e-13, 9.46324e-13, 6.55321e-10
91800, 2.95411e-15, 7.15076e-13, 1.01574e-12, 6.14118e-10
91900, 3.05866e-15, 7.49816e-13, 1.09224e-12, 6.55483e-10
92000, 3.00171e-15, 7.32928e-13, 9.91357e-13, 6.12738e-10
92100, 3.08874e-15, 7.67386e-13, 9.81274e-13, 6.55321e-10
92200, 2.90997e-15, 6.86842e-13, 1.01923e-12, 6.32297e-10
92300, 3.02421e-15, 7.28506e-13, 1.12366e-12, 6.78968e-10
92400, 2.95202e-15, 7.13379e-13, 9.80132e-13, 6.4045e-10
92500, 3.17337e-15, 7.42781e-13, 1.00557e-12, 7.16599e-10
92600, 2.9666e-15, 7.35678e-13, 1.01579e-12, 6.54836e-10
92700, 2.95828e-15, 7.1958e-13, 1.08516e-12, 6.08402e-10
92800, 3.07474e-15, 7.08835e-13, 9.56535e-13, 6.22849e-10
92900, 3.09472e-15, 7.53577e-13, 1.03616e-12, 6.65104e-10
93000, 3.19852e-15, 7.86106e-13, 1.04612e-12, 6.90105e-10
93100, 2.9749e-15, 6.76174e-13, 9.76366e-13, 6.81303e-10
93200, 3.11852e-15, 7.81468e-13, 1.07601e-12, 6.7396e-10
93300, 3.0425e-15, 7.78361e-13, 1.07941e-12, 6.62392e-10
93400, 3.02013e-15, 7.24614e-13, 1.01696e-12, 6.66853e-10
93500, 2.90573e-15, 7.30167e-13, 9.94677e-13, 6.43583e-10
93600, 3.04655e-15, 7.43324e-13, 1.07425e-12, 6.75842e-10
93700, 3.09073e-15, 7.49816e-13, 9.91192e-13, 6.86258e-10
93800, 3.06671e-15, 7.31272e-13, 1.01994e-12, 6.827e-10
93900, 3.02828e-15, 7.20702e-13, 1.05185e-12, 6.33802e-10
94000, 3.04047e-15, 7.17894e-13, 1.01926e-12, 6.61912e-10
94100, 3.12839e-15, 7.00236e-13, 1.11722e-12, 6.49642e-10
94200, 2.89724e-15, 6.96767e-13, 1.01896e-12, 6.18071e-10
94300, 2.97904e-15, 7.5732e-13, 1.06587e-12, 6.52893e-10
94400, 2.77778e-15, 7.52505e-13, 9.94229e-13, 6.26409e-10
94500, 3.10068e-15, 7.83532e-13, 1.05482e-12, 6.7396e-10
94600, 2.98111e-15, 7.18457e-13, 9.96797e-13, 6.69546e-10
94700, 3.09472e-15, 7.7472e-13, 1.11019e-12, 6.88722e-10
94800, 3.00991e-15, 7.35128e-13, 1.04e-12, 6.63031e-10
94900, 3.02013e-15, 7.41692e-13, 1.04317e-12, 6.41771e-10
95000, 2.90997e-15, 7.64222e-13, 1.00832e-12, 6.44241e-10
95100, 2.88871e-15, 7.40602e-13, 9.7748e-13, 6.75685e-10
95200, 2.9142e-15, 7.76802e-13, 1.02594e-12, 6.59187e-10
95300, 2.97904e-15, 7.12813e-13, 9.71246e-13, 6.63031e-10
95400, 3.02625e-15, 6.89776e-13, 1.04099e-12, 6.60631e-10
95500, 2.91209e-15, 7.46036e-13, 1.05738e-12, 6.66376e-10
95600, 3.23302e-15, 7.4441e-13, 1.07988e-12, 6.81925e-10
95700, 3.00376e-15, 7.24057e-13, 1.0486e-12, 6.64307e-10
95800, 2.89936e-15, 7.22381e-13, 1.05792e-12, 6.827e-10
95900, 2.94994e-15, 7.48738e-13, 1.0003e-12, 6.89491e-10
96000, 2.9142e-15, 7.13379e-13, 1.07525e-12, 6.45718e-10
96100, 3.12247e-15, 7.65278e-13, 1.0683e-12, 6.88876e-10
96200, 3.11654e-15, 7.94284e-13, 1.01467e-12, 6.96671e-10
96300, 2.87374e-15, 7.09405e-13, 1.07873e-12, 6.53379e-10
96400, 2.93107e-15, 7.05408e-13, 9.77152e-13, 6.45554e-10
96500, 2.84572e-15, 7.24614e-13, 9.93954e-13, 6.30284e-10
96600, 3.17726e-15, 7.56253e-13, 9.44037e-13, 6.73802e-10
96700, 2.79326e-15, 7.16205e-13, 1.07935e-12, 5.93782e-10
96800, 3.02217e-15, 7.34579e-13, 1.0446e-12, 6.97278e-10
96900, 2.98111e-15, 8.13874e-13, 1.02187e-12, 6.67646e-10
97000, 2.79547e-15, 7.11679e-13, 9.74309e-13, 6.54189e-10
97100, 2.87588e-15, 7.5945e-13, 1.02923e-12, 6.74588e-10
97200, 3.05664e-15, 7.22381e-13, 1.0082e-12, 6.49642e-10
97300, 3.1205e-15, 7.55718e-13, 1.05101e-12, 6.71914e-10
97400, 3.17919e-15, 7.81468e-13, 1.00806e-12, 6.67487e-10
97500, 2.93528e-15, 7.4441e-13, 1.01191e-12, 6.58062e-10
97600, 3.00581e-15, 7.55184e-13, 1.01756e-12, 6.60631e-10
97700, 3.05463e-15, 7.2684e-13, 1.09263e-12, 6.48336e-10
97800, 2.92897e-15, 7.23499e-13, 9.98198e-13, 6.41111e-10
97900, 3.17532e-15, 7.13945e-13, 1.07188e-12, 6.60471e-10
98000, 3.16949e-15, 7.31825e-13, 9.97717e-13, 6.6828e-10
98100, 2.71267e-15, 6.8919e-13, 1.00052e-12, 6.31794e-10
98200, 3.16949e-15, 7.75241e-13, 1.05282e-12, 6.94235e-10
98300, 3.08474e-15, 7.75762e-13, 1.08295e-12, 6.98037e-10
98400, 2.93107e-15, 7.33478e-13, 9.33503e-13, 6.43583e-10
98500, 2.83052e-15, 7.01389e-13, 1.0504e-12, 6.13256e-10
98600, 2.97697e-15, 7.67386e-13, 9.77959e-13, 6.33134e-10
98700, 3.14803e-15, 7.5732e-13, 9.9547e-13, 6.76938e-10
98800, 2.85869e-15, 7.18457e-13, 1.05257e-12, 6.37633e-10
98900, 2.87374e-15, 7.40602e-13, 1.01026e-12, 6.25732e-10
99000, 2.96452e-15, 7.56253e-13, 1.07231e-12, 6.4621e-10
99100, 2.89936e-15, 7.65806e-13, 1.0745e-12, 6.71914e-10
99200, 3.11457e-15, 7.05981e-13, 1.01584e-12, 6.47029e-10
99300, 2.97283e-15, 7.29614e-13, 9.85307e-13, 6.59187e-10
99400, 3.08074e-15, 8.01875e-13, 1.04202e-12, 6.93624e-10
99500, 3.00786e-15, 6.84485e-13, 1.02046e-12, 6.47029e-10
99600, 2.94575e-15, 7.20141e-13, 1.0234e-12, 6.5013e-10
99700, 3.02013e-15, 7.55184e-13, 1.09577e-12, 6.70652e-10
99800, 2.9873e-15, 7.49816e-13, 1.05919e-12, 6.55967e-10
99900, 3.06872e-15, 6.94444e-13, 1.07377e-12, 6.58062e-10
100000, 3.11061e-15, 7.25728e-13, 1.04467e-12, 6.91943e-10
100100, 3.04452e-15, 7.05981e-13, 1.11175e-12, 6.52893e-10
100200, 3.05664e-15, 7.34579e-13, 1.06808e-12, 6.62392e-10
100300, 2.69444e-15, 7.07695e-13, 1.039e-12, 6.11354e-10
100400, 2.95828e-15, 7.12813e-13, 1.01541e-12, 6.77094e-10
100500, 3.3028e-15, 7.12246e-13, 9.27497e-13, 6.61912e-10
100600, 2.92897e-15, 6.74978e-13, 1.04992e-12, 6.14808e-10
100700, 2.97697e-15, 6.92697e-13, 1.02677e-12, 6.44898e-10
100800, 2.87803e-15, 7.39511e-13, 1.07471e-12, 6.76312e-10
100900, 3.08274e-15, 7.31272e-13, 1.03077e-12, 6.70178e-10
101000, 3.07073e-15, 6.65335e-13, 1.062e-12, 6.54027e-10
101100, 3.24063e-15, 7.40602e-13, 1.08602e-12, 6.61112e-10
101200, 2.93737e-15, 7.14511e-13, 1.06245e-12, 6.6574e-10
101300, 2.93737e-15, 7.25728e-13, 1.03279e-12, 6.26409e-10
101400, 2.93317e-15, 7.40057e-13, 1.08283e-12, 6.5013e-10
101500, 2.97283e-15, 7.28506e-13, 9.9558e-13, 6.42925e-10
101600, 2.93317e-15, 7.29614e-13, 1.04861e-12, 6.54674e-10
101700, 2.94785e-15, 7.28506e-13, 1.03275e-12, 6.62552e-10
101800, 2.93107e-15, 7.07124e-13, 1.00748e-12, 6.31794e-10
101900, 3.13429e-15, 7.92247e-13, 1.04762e-12, 6.75058e-10
102000, 2.97904e-15, 7.25728e-13, 1.00734e-12, 6.58062e-10
102100, 2.98524e-15, 7.46036e-13, 1.00177e-12, 6.36968e-10
102200, 2.86945e-15, 7.08265e-13, 1.00288e-12, 6.17385e-10
102300, 2.9142e-15, 7.20702e-13, 1.00673e-12, 6.61272e-10
102400, 2.9873e-15, 7.56786e-13, 1.02269e-12, 6.74431e-10
102500, 3.17919e-15, 7.43324e-13, 1.03938e-12, 6.89951e-10
102600, 2.86515e-15, 6.99659e-13, 1.08679e-12, 6.38463e-10
102700, 3.04452e-15, 7.89694e-13, 9.86031e-13, 6.55483e-10
102800, 2.8327e-15, 6.95606e-13, 1.03415e-12, 6.12046e-10
102900, 2.89511e-15, 7.43867e-13, 1.07948e-12, 6.44898e-10
103000, 2.79988e-15, 6.63511e-13, 1.01658e-12, 6.04386e-10
103100, 2.95411e-15, 7.09974e-13, 8.94595e-13, 6.20294e-10
103200, 3.22729e-15, 7.68964e-13, 1.00305e-12, 6.8208e-10
103300, 3.04857e-15, 7.17332e-13, 1.09665e-12, 6.89337e-10
103400, 2.86515e-15, 6.92697e-13, 1.00268e-12, 6.31627e-10
103500, 3.07073e-15, 7.26285e-13, 1.04355e-12, 6.71283e-10
103600, 3.07073e-15, 7.32928e-13, 1.01168e-12, 7.0528e-10
103700, 3.03235e-15, 7.30167e-13, 1.12799e-12, 6.43748e-10
103800, 3.14998e-15, 7.42781e-13, 1.03453e-12, 6.84404e-10
103900, 2.93107e-15, 7.1564e-13, 9.95373e-13, 6.57418e-10
104000, 2.84356e-15, 6.68968e-13, 9.82926e-13, 6.42266e-10
104100, 2.93107e-15, 7.27396e-13, 1.00411e-12, 6.63031e-10
104200, 2.89936e-15, 7.17332e-13, 1.02647e-12, 6.50293e-10
104300, 3.07273e-15, 7.13379e-13, 1.04591e-12, 6.32966e-10
104400, 2.86084e-15, 6.92697e-13, 1.10281e-12, 6.10661e-10
104500, 2.92686e-15, 7.31272e-13, 1.02993e-12, 6.78968e-10
104600, 2.81524e-15, 7.04835e-13, 1.00677e-12, 6.27085e-10
104700, 3.21965e-15, 7.5945e-13, 1.00306e-12, 7.08276e-10
104800, 3.13429e-15, 7.71062e-13, 1.05445e-12, 6.96062e-10
104900, 2.99349e-15, 7.42237e-13, 1.00927e-12, 6.61752e-10
105000, 3.02013e-15, 7.36227e-13, 1.05203e-12, 6.37135e-10
105100, 2.88231e-15, 7.16768e-13, 9.86756e-13, 6.3647e-10
105200, 2.93737e-15, 7.50893e-13, 9.93294e-13, 6.53541e-10
105300, 2.7104e-15, 6.9328e-13, 9.96563e-13, 6.21488e-10
105400, 3.07874e-15, 7.74198e-13, 1.00584e-12, 6.54189e-10
105500, 2.88871e-15, 7.2294e-13, 1.00304e-12, 6.2776e-10
105600, 2.91209e-15, 7.06552e-13, 1.0257e-12, 6.27085e-10
105700, 3.03438e-15, 7.6475e-13, 1.07737e-12, 6.23529e-10
105800, 2.96452e-15, 7.2294e-13, 1.09444e-12, 6.52893e-10
105900, 3.1617e-15, 7.37323e-13, 9.64508e-13, 6.46865e-10
106000, 3.07874e-15, 7.16205e-13, 9.01858e-13, 6.61112e-10
106100, 3.26338e-15, 7.53041e-13, 1.01472e-12, 6.78344e-10
106200, 3.04452e-15, 7.03114e-13, 9.66395e-13, 6.75215e-10
106300, 2.92686e-15, 7.1958e-13, 1.03734e-12, 6.24208e-10
106400, 3.05463e-15, 7.35678e-13, 9.8013e-13, 6.55483e-10
106500, 3.02828e-15, 7.11679e-13, 1.05831e-12, 6.63191e-10
106600, 3.10664e-15, 7.08835e-13, 9.91954e-13, 6.66376e-10
106700, 3.06872e-15, 7.31825e-13, 1.06613e-12, 6.42266e-10
106800, 2.98318e-15, 7.75762e-13, 1.08021e-12, 6.70652e-10
106900, 2.98111e-15, 7.12813e-13, 9.41401e-13, 6.36303e-10
107000, 2.863e-15, 7.22381e-13, 9.89311e-13, 6.42925e-10
107100, 3.20045e-15, 7.76282e-13, 1.05668e-12, 6.86412e-10
107200, 2.86945e-15, 7.42781e-13, 1.02353e-12, 6.6574e-10
107300, 3.12839e-15, 7.53577e-13, 9.76338e-13, 6.57901e-10
107400, 3.33252e-15, 7.81468e-13, 1.03069e-12, 6.98037e-10
107500, 3.01401e-15, 7.09405e-13, 9.83484e-13, 6.67011e-10
107600, 2.90361e-15, 7.68964e-13, 1.06579e-12, 6.7396e-10
107700, 3.1617e-15, 7.18457e-13, 1.00044e-12, 6.76468e-10
107800, 2.8327e-15, 7.44952e-13, 1.06423e-12, 6.41771e-10
107900, 3.14215e-15, 7.38964e-13, 9.95055e-13, 6.59187e-10
108000, 2.99349e-15, 7.07695e-13, 1.05894e-12, 6.48173e-10
108100, 2.80647e-15, 7.28506e-13, 1.01624e-12, 6.28265e-10
108200, 3.0647e-15, 7.18457e-13, 9.91128e-13, 6.41111e-10
108300, 2.78664e-15, 6.52462e-13, 9.9939e-13, 5.9289e-10
108400, 3.15389e-15, 7.03688e-13, 9.53495e-13, 6.64945e-10
108500, 2.91209e-15, 6.99659e-13, 9.40018e-13, 6.0631e-10
108600, 2.92476e-15, 7.29614e-13, 1.02722e-12, 6.73331e-10
108700, 3.18694e-15, 8.0439e-13, 1.01144e-12, 6.63829e-10
108800, 3.09272e-15, 7.21262e-13, 1.0449e-12, 6.64307e-10
108900, 3.01809e-15, 7.25171e-13, 1.03212e-12, 6.38297e-10
109000, 2.9562e-15, 7.49277e-13, 1.02862e-12, 6.7396e-10
109100, 2.87374e-15, 7.1564e-13, 1.04395e-12, 6.60631e-10
109200, 2.863e-15, 7.07124e-13, 9.70527e-13, 6.09793e-10
109300, 2.95202e-15, 7.31272e-13, 1.03522e-12, 6.76468e-10
109400, 3.11061e-15, 7.55184e-13, 9.78958e-13, 6.61272e-10
109500, 2.88231e-15, 7.20702e-13, 9.88655e-13, 6.44241e-10
109600, 2.93947e-15, 7.37323e-13, 1.05918e-12, 6.46865e-10
109700, 2.79988e-15, 7.11111e-13, 1.037e-12, 6.41111e-10
109800, 2.88658e-15, 7.05981e-13, 9.64979e-13, 6.49479e-10
109900, 3.03032e-15, 7.20141e-13, 1.01846e-12, 6.77094e-10
110000, 3.11852e-15, 7.38964e-13, 1.04989e-12, 6.90718e-10
110100, 2.95828e-15, 7.0254e-13, 1.05794e-12, 6.46374e-10
110200, 3.05866e-15, 6.96187e-13, 1.05624e-12, 6.55483e-10
110300, 2.79988e-15, 6.92697e-13, 1.02618e-12, 6.12046e-10
110400, 2.93947e-15, 7.21262e-13, 9.67979e-13, 6.2624e-10
110500, 3.10068e-15, 6.95606e-13, 1.089e-12, 6.50781e-10
110600, 2.98937e-15, 6.96767e-13, 1.00453e-12, 6.68122e-10
110700, 3.13232e-15, 7.71585e-13, 1.06222e-12, 6.72072e-10
110800, 2.91209e-15, 7.14511e-13, 1.09892e-12, 6.59829e-10
110900, 2.95411e-15, 7.19019e-13, 1.07904e-12, 6.3447e-10
111000, 2.84356e-15, 7.45494e-13, 1.00735e-12, 6.35804e-10
111100, 2.88017e-15, 7.34579e-13, 9.85438e-13, 6.33134e-10
111200, 3.22347e-15, 7.38964e-13, 1.08029e-12, 6.89951e-10
111300, 2.79326e-15, 6.67759e-13, 9.8936e-13, 6.41111e-10
111400, 2.86945e-15, 6.87429e-13, 1.0016e-12, 6.30452e-10
111500, 3.02625e-15, 7.10543e-13, 1.04102e-12, 6.57257e-10
111600, 3.13232e-15, 8.16846e-13, 1.03666e-12, 6.71914e-10
111700, 2.90573e-15, 6.71378e-13, 9.8391e-13, 6.55967e-10
111800, 2.8673e-15, 7.6475e-13, 1.03557e-12, 6.58545e-10
111900, 2.94785e-15, 7.01964e-13, 9.60889e-13, 6.23019e-10
112000, 2.97283e-15, 7.44952e-13, 1.05849e-12, 6.93624e-10
112100, 3.11259e-15, 7.35678e-13, 1.00207e-12, 6.40284e-10
112200, 3.15585e-15, 7.2684e-13, 1.07657e-12, 6.6574e-10
112300, 2.94157e-15, 7.1958e-13, 1.03767e-12, 6.46374e-10
112400, 3.18887e-15, 7.63164e-13, 1.0512e-12, 6.80681e-10
112500, 2.88658e-15, 6.99082e-13, 1.06925e-12, 6.41111e-10
112600, 3.11654e-15, 7.50893e-13, 1.11267e-12, 6.81459e-10
112700, 2.90785e-15, 7.1958e-13, 9.64026e-13, 6.33802e-10
112800, 3.09272e-15, 7.27951e-13, 9.92411e-13, 6.61752e-10
112900, 3.00991e-15, 7.05408e-13, 1.00663e-12, 6.73174e-10
113000, 2.97075e-15, 7.53041e-13, 1.06159e-12, 6.58062e-10
113100, 3.22156e-15, 7.58386e-13, 1.03808e-12, 7.11706e-10
113200, 2.89724e-15, 7.56786e-13, 1.08482e-12, 6.33802e-10
113300, 2.82398e-15, 7.45494e-13, 1.03115e-12, 6.31627e-10
113400, 3.01196e-15, 7.00813e-13, 1.03752e-12, 6.63829e-10
113500, 3.08274e-15, 7.79398e-13, 1.0532e-12, 6.41606e-10
113600, 3.15975e-15, 7.56253e-13, 9.97758e-13, 6.63829e-10
113700, 2.92686e-15, 7.36775e-13, 1.00404e-12, 6.47683e-10
113800, 3.10862e-15, 7.16768e-13, 9.61943e-13, 6.96062e-10
113900, 2.77778e-15, 6.5801e-13, 9.81051e-13, 6.18242e-10
114000, 3.06671e-15, 7.4441e-13, 1.02203e-12, 6.76938e-10
