100, 0.265865, 50.5785, 81.8313, 72870.5
200, 0.2304, 37.2994, 61.0065, 62282.6
300, 0.178578, 32.1579, 44.5543, 47334.2
400, 0.154042, 26.2089, 38.8028, 39991
500, 0.144739, 20.7091, 34.737, 37717.3
600, 0.122408, 21.4788, 35.3094, 32239.6
700, 0.131815, 19.8918, 30.1178, 35189.4
800, 0.115093, 15.3745, 35.0148, 30224.4
900, 0.107456, 18.9961, 32.6095, 28263.3
1000, 0.112151, 17.4311, 28.9183, 29662.9
1100, 0.111006, 14.0727, 26.4673, 28934.6
1200, 0.106721, 13.592, 24.6697, 27997.5
1300, 0.0988072, 11.8757, 25.9911, 26186.6
1400, 0.0930719, 12.6423, 25.6576, 24584.5
1500, 0.0930934, 10.9423, 24.2043, 24791.7
1600, 0.086912, 11.2929, 25.4219, 22839
1700, 0.087249, 11.5005, 23.686, 22853.9
1800, 0.0805626, 9.87144, 24.2812, 21136.1
1900, 0.081774, 9.73553, 21.659, 21821.5
2000, 0.08198, 9.32238, 20.2151, 22062.6
2100, 0.0776112, 8.03271, 21.3026, 20813.3
2200, 0.0787408, 7.91553, 20.4585, 20904.2
2300, 0.0749179, 7.6969, 21.5956, 19831
2400, 0.0797713, 7.91086, 18.7945, 21160.1
2500, 0.0713474, 7.90999, 20.7954, 18746.4
2600, 0.0728919, 7.82661, 18.686, 19425.6
2700, 0.0616228, 6.98937, 21.0889, 16364.3
2800, 0.0667366, 6.80896, 17.8758, 17935.6
2900, 0.0629563, 6.81753, 17.898, 16803.1
3000, 0.0596573, 6.06224, 18.5454, 15805.8
3100, 0.0608304, 6.0231, 17.3929, 16138
3200, 0.061451, 5.72914, 17.0005, 16345.9
3300, 0.056503, 5.9839, 17.8376, 15043.1
3400, 0.0605793, 6.06461, 15.6693, 16362
3500, 0.0519581, 5.34148, 18.7383, 13868.1
3600, 0.0551666, 5.30069, 17.7726, 14745.5
3700, 0.0523991, 5.83462, 17.6622, 13793.7
3800, 0.0579806, 5.19185, 15.2523, 15372
3900, 0.0536644, 4.74988, 15.9483, 14134.9
4000, 0.0526475, 4.77444, 15.4473, 13953.1
4100, 0.0532267, 5.02162, 14.08, 14253.7
4200, 0.0437835, 4.26002, 16.2557, 11640.9
4300, 0.0553456, 5.16849, 11.225, 15040.3
4400, 0.0379115, 3.53876, 17.6127, 10038.5
4500, 0.0518791, 4.54814, 13.5835, 13989.8
4600, 0.0433185, 4.25862, 16.2252, 11384.1
4700, 0.0521947, 4.61457, 12.8245, 13931.1
4800, 0.0472614, 4.44181, 14.1737, 12488.1
4900, 0.0491503, 4.29793, 12.7185, 13076.5
5000, 0.0458599, 4.14471, 13.0067, 12147.9
5100, 0.0416086, 3.86279, 13.5938, 11027.5
5200, 0.0478559, 4.25539, 10.9156, 12885.6
5300, 0.0387011, 2.99308, 14.4644, 10311.8
5400, 0.0451918, 3.72983, 12.489, 12165.4
5500, 0.0400454, 3.47083, 14.1059, 10686.4
5600, 0.0435015, 3.94382, 12.8659, 11645.2
5700, 0.0455629, 3.92233, 12.1528, 12229.6
5800, 0.0409712, 3.83508, 13.2342, 10914.8
5900, 0.043455, 3.72033, 11.9878, 11608.1
6000, 0.039609, 3.59304, 12.7093, 10479
6100, 0.0415053, 3.42853, 11.5944, 11008.4
6200, 0.0384307, 3.15083, 12.2234, 10137.9
6300, 0.0382932, 3.18993, 11.7427, 10116.8
6400, 0.0392665, 3.04677, 11.1212, 10441.3
6500, 0.0337706, 3.01473, 12.863, 8896.24
6600, 0.0432298, 3.64807, 9.46411, 11708.7
6700, 0.029335, 2.5749, 13.9803, 7770.35
6800, 0.0418226, 3.25551, 10.0737, 11342.2
6900, 0.0327109, 2.8664, 13.1826, 8654.62
7000, 0.0411928, 3.35378, 10.1561, 11045.4
7100, 0.0364091, 3.04504, 11.6287, 9594.97
7200, 0.037224, 3.15037, 10.9701, 9829.91
7300, 0.0362414, 2.95167, 10.8708, 9579.47
7400, 0.0335157, 2.69639, 11.6036, 8832.49
7500, 0.0388042, 3.20006, 9.37455, 10428.3
7600, 0.0296177, 2.38612, 12.2735, 7833.06
7700, 0.0397697, 3.25766, 8.46975, 10757.4
7800, 0.0307434, 2.18982, 12.0035, 8150.33
7900, 0.0376228, 3.15014, 9.47002, 10133.9
8000, 0.0327476, 2.64471, 11.054, 8732.54
8100, 0.0347689, 3.03826, 9.99207, 9314.13
8200, 0.033179, 2.68457, 10.3951, 8833.77
8300, 0.0336327, 2.78276, 10.0944, 8937.34
8400, 0.034235, 2.76858, 9.67935, 9089.79
8500, 0.03244, 2.52741, 10.1721, 8567.41
8600, 0.033856, 2.7724, 9.60852, 8974.24
8700, 0.0329477, 2.25616, 10.1205, 8755.61
8800, 0.0330276, 2.74005, 9.99068, 8822.83
8900, 0.0330454, 2.41841, 9.86907, 8905.48
9000, 0.0298442, 2.47558, 10.6444, 8006.64
9100, 0.033537, 2.58144, 9.39801, 9062.33
9200, 0.0296729, 2.44872, 10.5361, 7911.5
9300, 0.033738, 2.73738, 9.04755, 9030.92
9400, 0.0303069, 2.47343, 9.9443, 8006.14
9500, 0.0325916, 2.65739, 8.96151, 8649.28
9600, 0.0314564, 2.44783, 9.225, 8331.29
9700, 0.0300948, 2.43117, 9.40332, 7952.79
9800, 0.0317348, 2.40356, 8.65037, 8478.94
9900, 0.0276795, 2.11082, 9.9912, 7336.42
10000, 0.0330439, 2.51732, 8.25022, 8906.15
10100, 0.0266604, 1.91517, 10.5308, 7078.69
10200, 0.0342088, 2.75697, 7.72714, 9250.43
10300, 0.0260531, 1.98756, 10.5289, 6905.45
10400, 0.0331293, 2.67535, 8.01456, 8928.64
10500, 0.0281947, 2.21487, 9.73631, 7482.93
10600, 0.0310291, 2.3849, 8.60884, 8281.2
10700, 0.0293619, 2.28839, 9.13008, 7766.59
10800, 0.0290797, 2.13257, 9.16203, 7681.75
10900, 0.0304985, 2.36042, 8.50778, 8104.44
11000, 0.0277903, 1.92853, 9.31402, 7349.1
11100, 0.0309243, 2.42364, 7.83049, 8286.89
11200, 0.0249524, 1.63847, 9.71719, 6623.29
11300, 0.0304878, 2.51366, 7.69237, 8238.87
11400, 0.0264947, 1.92791, 9.25776, 7104.27
11500, 0.0285067, 2.23335, 8.47996, 7665.07
11600, 0.0284127, 2.13159, 8.69961, 7584.89
11700, 0.0275953, 2.13671, 8.94681, 7316.22
11800, 0.029122, 2.23287, 8.26011, 7734.25
11900, 0.028232, 2.08495, 8.52109, 7466.05
12000, 0.029057, 2.21618, 8.04759, 7715.67
12100, 0.0277026, 1.88788, 8.5587, 7356.91
12200, 0.0282458, 2.10279, 8.34091, 7542.67
12300, 0.0278516, 1.88312, 8.48361, 7469.75
12400, 0.0262905, 1.97807, 8.83157, 7032.01
12500, 0.0289356, 2.10744, 7.80038, 7800.22
12600, 0.0236473, 1.69962, 9.29398, 6281.29
12700, 0.0296129, 2.30648, 7.03517, 7987.13
12800, 0.0243484, 1.88124, 8.80523, 6453.24
12900, 0.0283216, 2.14035, 7.39727, 7575.27
13000, 0.0252942, 1.89634, 8.38542, 6680.26
13100, 0.0263291, 1.88669, 7.92678, 6971.53
13200, 0.0266424, 1.95178, 7.72427, 7065.02
13300, 0.0250225, 1.77591, 8.16759, 6616.99
13400, 0.0277137, 2.06497, 7.16708, 7427.86
13500, 0.0224828, 1.44664, 9.02116, 5951.75
13600, 0.0290763, 2.19286, 6.72545, 7869.65
13700, 0.0226781, 1.47259, 9.06162, 6044.34
13800, 0.0285016, 2.18447, 7.13631, 7698.03
13900, 0.0241118, 1.74744, 8.56798, 6415.1
14000, 0.026256, 1.90174, 7.76546, 7004.36
14100, 0.0258125, 1.93447, 7.71072, 6853.94
14200, 0.0251892, 1.7869, 7.75296, 6667.78
14300, 0.026224, 1.89673, 7.214, 6972.18
14400, 0.023668, 1.55004, 7.99456, 6253.25
14500, 0.026245, 1.89181, 6.90773, 7021.37
14600, 0.0226609, 1.3578, 8.07372, 6024.07
14700, 0.0255193, 1.87848, 6.95895, 6864.19
14800, 0.0234584, 1.51952, 7.70997, 6294.81
14900, 0.0231523, 1.67353, 7.71465, 6211.52
15000, 0.0253966, 1.81273, 7.04104, 6837.25
15100, 0.0230935, 1.6548, 7.89315, 6152.63
15200, 0.0257641, 1.7532, 6.95424, 6893.43
15300, 0.0234652, 1.60544, 7.82576, 6194.72
15400, 0.0251185, 1.75135, 7.1084, 6667.91
15500, 0.0240691, 1.52191, 7.4118, 6369.62
15600, 0.0243253, 1.61281, 7.26912, 6460
15700, 0.0245143, 1.51491, 7.15804, 6550.91
15800, 0.0222047, 1.44259, 7.80265, 5914.34
15900, 0.0255428, 1.75489, 6.58143, 6897.6
16000, 0.0205802, 1.3136, 8.10153, 5489.65
16100, 0.0256075, 1.80535, 6.28916, 6922.64
16200, 0.0206259, 1.33208, 7.89193, 5477.16
16300, 0.024146, 1.68353, 6.58923, 6472.92
16400, 0.0221452, 1.49302, 7.21235, 5871.74
16500, 0.0231873, 1.54733, 6.7804, 6159.45
16600, 0.0232892, 1.5407, 6.69999, 6186.4
16700, 0.021689, 1.33602, 7.22133, 5732.45
16800, 0.023993, 1.60954, 6.42981, 6414.35
16900, 0.0207876, 1.14878, 7.63139, 5513.2
17000, 0.0246991, 1.70469, 6.30141, 6656.29
17100, 0.0208612, 1.11789, 7.69722, 5569.26
17200, 0.0240461, 1.6854, 6.64536, 6480.12
17300, 0.0220619, 1.39596, 7.26613, 5905.39
17400, 0.0228463, 1.55491, 6.95246, 6109.73
17500, 0.0229856, 1.58915, 6.72863, 6135.33
17600, 0.021694, 1.41058, 6.98583, 5748.46
17700, 0.0228611, 1.52257, 6.44865, 6080.75
17800, 0.0211562, 1.28099, 6.92646, 5597
17900, 0.0225528, 1.4888, 6.35209, 6014.26
18000, 0.0209226, 1.13185, 6.91559, 5569.54
18100, 0.021982, 1.4363, 6.5472, 5891.1
18200, 0.0217881, 1.28783, 6.65566, 5859.36
18300, 0.0205605, 1.27739, 7.02098, 5516.12
18400, 0.0227471, 1.45367, 6.28824, 6137.97
18500, 0.0199536, 1.22899, 7.20432, 5321.31
18600, 0.0227394, 1.44149, 6.2413, 6100.26
18700, 0.0207041, 1.2669, 6.97034, 5485.2
18800, 0.0223568, 1.39714, 6.32611, 5952.6
18900, 0.0214827, 1.21982, 6.65096, 5689.3
19000, 0.0217164, 1.28238, 6.55156, 5761.69
19100, 0.0219939, 1.25081, 6.44926, 5861.01
19200, 0.0203976, 1.14284, 6.90375, 5419.14
19300, 0.0225889, 1.42293, 6.08374, 6071.25
19400, 0.0191055, 1.0051, 7.15335, 5088.94
19500, 0.0226726, 1.49673, 5.84779, 6116.65
19600, 0.0191145, 1.08661, 6.99803, 5097.13
19700, 0.0215359, 1.38386, 6.06109, 5785.8
19800, 0.0201804, 1.23209, 6.52241, 5379.08
19900, 0.020696, 1.24471, 6.29124, 5516.25
20000, 0.0209449, 1.25484, 6.23337, 5577.29
20100, 0.0202377, 1.14443, 6.48301, 5372.19
20200, 0.0214899, 1.27335, 6.12946, 5734.6
20300, 0.0198251, 0.958438, 6.80356, 5267.46
20400, 0.0220497, 1.37289, 6.03418, 5919.1
20500, 0.0197922, 0.938893, 6.82787, 5286.97
20600, 0.0213355, 1.33978, 6.22309, 5736.63
20700, 0.0203715, 1.15537, 6.45664, 5462.77
20800, 0.0201481, 1.21269, 6.46685, 5387
20900, 0.0209872, 1.32401, 6.04279, 5618.72
21000, 0.0195177, 1.14751, 6.44851, 5179.94
21100, 0.0207978, 1.28216, 5.94553, 5540.65
21200, 0.0196291, 1.108, 6.314, 5199.54
21300, 0.0206279, 1.23373, 5.95159, 5491.83
21400, 0.0195998, 1.0255, 6.29857, 5210.45
21500, 0.0202724, 1.20399, 6.10205, 5416.07
21600, 0.0202419, 1.08132, 6.16191, 5427.33
21700, 0.0191386, 1.00777, 6.54161, 5121.64
21800, 0.0211596, 1.26044, 5.84257, 5705.94
21900, 0.0184923, 0.960069, 6.71829, 4938.65
22000, 0.0210458, 1.2508, 5.81879, 5661.73
22100, 0.0191882, 1.04428, 6.47322, 5109.93
22200, 0.0204593, 1.15545, 5.98001, 5466.62
22300, 0.0198596, 1.06138, 6.18968, 5279.35
22400, 0.0200784, 1.08165, 6.10622, 5338.46
22500, 0.0201204, 1.02055, 6.09542, 5353.85
22600, 0.0194085, 0.991985, 6.28449, 5154.94
22700, 0.0206666, 1.19313, 5.74623, 5533.33
22800, 0.0181631, 0.81604, 6.49678, 4829.17
22900, 0.0206562, 1.26843, 5.55954, 5554.1
23000, 0.0181296, 0.917214, 6.38576, 4838.49
23100, 0.019721, 1.15605, 5.79611, 5293.47
23200, 0.0192315, 1.12244, 5.99445, 5143.41
23300, 0.0190147, 1.03591, 6.06362, 5072.08
23400, 0.0197782, 1.09892, 5.90161, 5278.1
23500, 0.0192185, 1.03284, 6.11246, 5112.74
23600, 0.0200372, 1.07438, 5.912, 5344.44
23700, 0.0192436, 0.92263, 6.26811, 5120.81
23800, 0.0204125, 1.14184, 5.85834, 5465.61
23900, 0.0189646, 0.799506, 6.35245, 5063.03
24000, 0.0198222, 1.10288, 5.94803, 5318.45
24100, 0.0193879, 1.00991, 5.97037, 5202.16
24200, 0.0185068, 0.961095, 6.17584, 4948.1
24300, 0.019806, 1.16342, 5.60144, 5318.53
24400, 0.0181058, 0.931846, 6.12826, 4818.95
24500, 0.0195248, 1.10256, 5.62099, 5218.16
24600, 0.0186924, 0.988262, 5.91867, 4967.11
24700, 0.0192895, 1.03231, 5.77866, 5133.14
24800, 0.0187901, 0.924898, 5.94744, 4992.05
24900, 0.0193052, 1.03738, 5.8192, 5142.49
25000, 0.0192806, 0.947371, 5.86081, 5148.73
25100, 0.0185192, 0.890213, 6.12299, 4941.92
25200, 0.0199806, 1.09634, 5.61671, 5371.52
25300, 0.0178058, 0.774691, 6.34709, 4753.1
25400, 0.0199313, 1.09691, 5.59977, 5362.02
25500, 0.0184662, 0.892758, 6.1422, 4932.04
25600, 0.0192395, 0.986496, 5.85536, 5149.39
25700, 0.0190912, 0.958098, 5.89006, 5095.56
25800, 0.0189499, 0.925609, 5.93088, 5048.86
25900, 0.0191626, 0.900699, 5.83795, 5108.81
26000, 0.0188123, 0.913098, 5.91081, 5008.95
26100, 0.0192667, 0.972397, 5.66289, 5149.31
26200, 0.0178061, 0.731891, 6.05542, 4739.39
26300, 0.0193632, 1.09462, 5.43692, 5193.6
26400, 0.0176297, 0.782978, 5.99133, 4706.28
26500, 0.0185958, 0.994593, 5.64474, 4983.86
26600, 0.0186238, 1.0178, 5.6917, 4987.14
26700, 0.0179898, 0.87601, 5.93283, 4799.01
26800, 0.0192439, 1.03692, 5.65072, 5145.2
26900, 0.0185994, 0.945175, 5.92263, 4952.52
27000, 0.0191608, 0.942104, 5.80351, 5106.83
27100, 0.0188949, 0.912909, 5.95389, 5028.64
27200, 0.0193179, 0.982466, 5.76824, 5156.98
27300, 0.0185618, 0.770807, 6.01014, 4949.54
27400, 0.0190035, 0.969586, 5.7509, 5086.93
27500, 0.0186275, 0.882633, 5.76852, 4991.91
27600, 0.0178658, 0.824164, 5.94593, 4778.28
27700, 0.0190826, 1.05061, 5.44009, 5129.58
27800, 0.0174672, 0.770785, 5.96522, 4662.19
27900, 0.0188026, 0.985201, 5.50262, 5039.52
28000, 0.0181219, 0.888197, 5.75206, 4833.74
28100, 0.0184497, 0.882664, 5.70646, 4920.1
28200, 0.018477, 0.877482, 5.70519, 4923.58
28300, 0.0186497, 0.910224, 5.68941, 4968.76
28400, 0.0185758, 0.842314, 5.73406, 4952.7
28500, 0.0182793, 0.833842, 5.82441, 4873.12
28600, 0.0190887, 0.951759, 5.54863, 5112.74
28700, 0.0176569, 0.710089, 6.03732, 4707.86
28800, 0.0191979, 0.991423, 5.48455, 5153.07
28900, 0.0180427, 0.788096, 5.93015, 4818.18
29000, 0.0185946, 0.884147, 5.74391, 4975.31
29100, 0.0187326, 0.884983, 5.68576, 5007.91
29200, 0.0183029, 0.81819, 5.83263, 4879.66
29300, 0.0186723, 0.846616, 5.66857, 4984.59
29400, 0.0183382, 0.843682, 5.7364, 4887.64
29500, 0.018458, 0.832183, 5.62722, 4928.41
29600, 0.0178009, 0.723888, 5.76901, 4746.92
29700, 0.0185462, 0.938689, 5.44476, 4967.26
29800, 0.0174685, 0.70313, 5.7851, 4667.04
29900, 0.0181211, 0.897852, 5.55885, 4856.06
30000, 0.0182096, 0.902671, 5.58484, 4880.21
30100, 0.0175765, 0.767836, 5.8306, 4694.51
30200, 0.01882, 0.980205, 5.52363, 5040.28
30300, 0.0180496, 0.842525, 5.83865, 4811.89
30400, 0.0186357, 0.871263, 5.69551, 4971.63
30500, 0.0185714, 0.895738, 5.75599, 4947.62
30600, 0.0185778, 0.864161, 5.69815, 4951.54
30700, 0.0182909, 0.779638, 5.76671, 4873.04
30800, 0.0184699, 0.897456, 5.61091, 4932.28
30900, 0.0180851, 0.798626, 5.64711, 4833.48
31000, 0.0176636, 0.780313, 5.73203, 4718.88
31100, 0.0184922, 0.953841, 5.39178, 4962.34
31200, 0.0172216, 0.688847, 5.82487, 4599.76
31300, 0.0183933, 0.921757, 5.44046, 4933.71
31400, 0.0177973, 0.811212, 5.67461, 4757.06
31500, 0.0180185, 0.799298, 5.65213, 4815.36
31600, 0.0182317, 0.844304, 5.58543, 4871.38
31700, 0.0181442, 0.81494, 5.65155, 4840.81
31800, 0.0181789, 0.788083, 5.63689, 4852.26
31900, 0.0180612, 0.786921, 5.65652, 4819.27
32000, 0.018404, 0.836445, 5.53639, 4921.32
32100, 0.0176063, 0.700105, 5.7965, 4696.79
32200, 0.0186015, 0.898414, 5.43655, 4984.18
32300, 0.0177269, 0.719085, 5.76969, 4732.52
32400, 0.0181674, 0.823837, 5.62142, 4858.59
32500, 0.018362, 0.825522, 5.55254, 4909.89
32600, 0.0178332, 0.74106, 5.73846, 4754.64
32700, 0.0183583, 0.819661, 5.52377, 4903.75
32800, 0.0179322, 0.781218, 5.63199, 4778.92
32900, 0.0180051, 0.757025, 5.5557, 4803.61
33000, 0.0177538, 0.724542, 5.58351, 4735.38
33100, 0.0180235, 0.828488, 5.44928, 4818.15
33200, 0.0174469, 0.680299, 5.63263, 4660.47
33300, 0.0178498, 0.812245, 5.50962, 4779.32
33400, 0.0179197, 0.802099, 5.54305, 4801.43
33500, 0.0174715, 0.703681, 5.73141, 4672.18
33600, 0.0184513, 0.897961, 5.48282, 4947.1
33700, 0.0176972, 0.751413, 5.76645, 4726.91
33800, 0.0182685, 0.816144, 5.60338, 4883.49
33900, 0.0181743, 0.84105, 5.64245, 4851.02
34000, 0.0180194, 0.77734, 5.6285, 4805.79
34100, 0.0180136, 0.779337, 5.59359, 4803.03
34200, 0.0179751, 0.82525, 5.5207, 4795.8
34300, 0.0177068, 0.740915, 5.54269, 4724.92
34400, 0.0175571, 0.769817, 5.55714, 4685.91
34500, 0.0179964, 0.865284, 5.37184, 4817.54
34600, 0.0171641, 0.668522, 5.67894, 4581.19
34700, 0.0180766, 0.877052, 5.39796, 4843.07
34800, 0.0176028, 0.752949, 5.60354, 4705.11
34900, 0.0177866, 0.760218, 5.59337, 4755.04
35000, 0.0180221, 0.821624, 5.51954, 4819.34
35100, 0.0178161, 0.75536, 5.62242, 4755.95
35200, 0.0179711, 0.764578, 5.56184, 4800.91
35300, 0.0178695, 0.752834, 5.57221, 4771.4
35400, 0.0179981, 0.764552, 5.52009, 4810.83
35500, 0.0175678, 0.691787, 5.64562, 4691.01
35600, 0.018132, 0.812693, 5.43839, 4854.39
35700, 0.0175484, 0.675449, 5.65249, 4688.23
35800, 0.0178562, 0.766815, 5.53854, 4776.96
35900, 0.0180034, 0.769195, 5.48688, 4816.61
36000, 0.0175132, 0.689557, 5.65173, 4673.82
36100, 0.0180689, 0.788521, 5.43307, 4831.01
36200, 0.0176196, 0.730281, 5.56522, 4698.22
36300, 0.0177344, 0.719006, 5.48605, 4732.02
36400, 0.017664, 0.720922, 5.47934, 4711.39
36500, 0.0177059, 0.759552, 5.44998, 4725.55
36600, 0.0174717, 0.677959, 5.52712, 4663.1
36700, 0.0177152, 0.760045, 5.47478, 4734.96
36800, 0.0177765, 0.748459, 5.51193, 4755.65
36900, 0.0174837, 0.675378, 5.64724, 4673.54
37000, 0.0181865, 0.823395, 5.47977, 4872.94
37100, 0.0175908, 0.697603, 5.69551, 4702.02
37200, 0.0180342, 0.767595, 5.55428, 4825.48
37300, 0.017917, 0.787034, 5.5832, 4788.8
37400, 0.0176976, 0.717774, 5.58364, 4725.71
37500, 0.0178044, 0.756052, 5.50783, 4754.04
37600, 0.0176592, 0.76498, 5.47709, 4714.18
37700, 0.0174938, 0.705086, 5.48197, 4669.29
37800, 0.0174733, 0.750913, 5.4681, 4664.84
37900, 0.017664, 0.786892, 5.38275, 4723.06
38000, 0.0172156, 0.666965, 5.57748, 4595.14
38100, 0.0178597, 0.832006, 5.39172, 4780.22
38200, 0.0175255, 0.716841, 5.55333, 4683.29
38300, 0.0176918, 0.747078, 5.55311, 4728.59
38400, 0.0178826, 0.799417, 5.49153, 4781.57
38500, 0.0176669, 0.726239, 5.59464, 4715.84
38600, 0.0178828, 0.763953, 5.51489, 4777.33
38700, 0.0177573, 0.738015, 5.53133, 4740.78
38800, 0.017804, 0.731113, 5.50855, 4755.56
38900, 0.0175773, 0.695416, 5.56595, 4693.44
39000, 0.0178902, 0.761554, 5.44569, 4785.42
39100, 0.0175058, 0.656306, 5.58383, 4677.77
39200, 0.0177038, 0.727082, 5.50622, 4736.27
39300, 0.0177999, 0.727838, 5.46629, 4763.97
39400, 0.01738, 0.650972, 5.60101, 4643.37
39500, 0.0178687, 0.756157, 5.40606, 4782.12
39600, 0.0174475, 0.695945, 5.53398, 4658.25
39700, 0.0175711, 0.693213, 5.45943, 4693.07
39800, 0.0175873, 0.710943, 5.43911, 4694.9
39900, 0.0175437, 0.720095, 5.45645, 4681.7
40000, 0.0175043, 0.677136, 5.47464, 4671.72
40100, 0.017656, 0.733704, 5.46607, 4714.56
40200, 0.0177147, 0.725002, 5.50109, 4733.03
40300, 0.0175431, 0.670626, 5.58964, 4685.5
40400, 0.018034, 0.78265, 5.48499, 4825.22
40500, 0.0175981, 0.68139, 5.63609, 4702.04
40600, 0.0178895, 0.738797, 5.53015, 4784.73
40700, 0.0177948, 0.75983, 5.54481, 4756.56
40800, 0.0175517, 0.684566, 5.55395, 4688.27
40900, 0.017707, 0.740127, 5.46456, 4731.24
41000, 0.0175166, 0.727088, 5.46241, 4678.15
41100, 0.0173958, 0.678141, 5.46649, 4645.22
41200, 0.0174585, 0.735389, 5.43446, 4663.75
41300, 0.0175074, 0.728122, 5.41081, 4680.08
41400, 0.0172886, 0.659827, 5.53098, 4617.63
41500, 0.0177335, 0.78679, 5.40922, 4745.48
41600, 0.0174957, 0.687709, 5.53268, 4676.58
41700, 0.0176407, 0.730809, 5.53136, 4716.23
41800, 0.0177827, 0.772809, 5.47886, 4755.88
41900, 0.0175803, 0.706695, 5.57021, 4694.17
42000, 0.0177998, 0.759716, 5.48793, 4756.01
42100, 0.0176654, 0.728258, 5.50624, 4716.14
42200, 0.0176937, 0.719841, 5.49466, 4723.92
42300, 0.0175882, 0.705658, 5.51516, 4695.07
42400, 0.0177587, 0.73617, 5.44603, 4745.52
42500, 0.0174961, 0.658567, 5.54203, 4672.42
42600, 0.0176526, 0.714847, 5.48157, 4719.38
42700, 0.0177014, 0.70313, 5.45438, 4735.22
42800, 0.0173555, 0.632606, 5.56468, 4637.33
42900, 0.0177629, 0.736744, 5.39824, 4754.55
43000, 0.0173689, 0.667373, 5.51814, 4640.63
43100, 0.0174863, 0.672032, 5.45381, 4673.91
43200, 0.0175549, 0.698715, 5.42241, 4691.04
43300, 0.0174397, 0.683611, 5.47082, 4656.75
43400, 0.0175137, 0.670499, 5.45394, 4677.54
43500, 0.0176079, 0.711961, 5.46541, 4702.62
43600, 0.017642, 0.697193, 5.49969, 4712.67
43700, 0.0175723, 0.666351, 5.54651, 4693.17
43800, 0.0178945, 0.753023, 5.4841, 4784.4
43900, 0.0175734, 0.670164, 5.58578, 4694.29
44000, 0.0177614, 0.720928, 5.50481, 4748.01
44100, 0.0176907, 0.746134, 5.50732, 4727.59
44200, 0.0174444, 0.666306, 5.52344, 4658.9
44300, 0.0176357, 0.7369, 5.42943, 4712.48
44400, 0.0174236, 0.708136, 5.45094, 4652.96
44500, 0.0173483, 0.663387, 5.45668, 4632.39
44600, 0.0174805, 0.732616, 5.41236, 4670.27
44700, 0.0174231, 0.687984, 5.43678, 4655.51
44800, 0.017358, 0.659727, 5.50395, 4637.08
44900, 0.0176711, 0.754062, 5.42074, 4727.52
45000, 0.0174607, 0.657228, 5.52798, 4667.29
45100, 0.017606, 0.71232, 5.50927, 4708.28
45200, 0.0176871, 0.741273, 5.46927, 4731.51
45300, 0.017487, 0.680808, 5.54926, 4671.66
45400, 0.0176998, 0.743898, 5.46226, 4731.98
45500, 0.0175587, 0.708597, 5.48454, 4689.92
45600, 0.0175746, 0.704104, 5.47934, 4693.25
45700, 0.0175519, 0.706569, 5.47382, 4686.89
45800, 0.0176347, 0.717347, 5.44094, 4710.65
45900, 0.0174546, 0.661774, 5.50971, 4659.99
46000, 0.01761, 0.711102, 5.45264, 4705.61
46100, 0.0176128, 0.688207, 5.44368, 4708
46200, 0.0173541, 0.633019, 5.52647, 4635.29
46300, 0.0176944, 0.728539, 5.38636, 4733.96
46400, 0.0173244, 0.64651, 5.5035, 4628.14
46500, 0.0174588, 0.664431, 5.44182, 4666.91
46600, 0.0175453, 0.688242, 5.41041, 4690.22
46700, 0.0173715, 0.650785, 5.48515, 4639.56
46800, 0.0175375, 0.667578, 5.43779, 4686.5
46900, 0.0175664, 0.685885, 5.46808, 4692.93
47000, 0.0175686, 0.665162, 5.50039, 4693.54
47100, 0.0175868, 0.661581, 5.50778, 4698.82
47200, 0.0177476, 0.715662, 5.48158, 4744.19
47300, 0.0175116, 0.64979, 5.54306, 4678.46
47400, 0.0176472, 0.703826, 5.47387, 4717.34
47500, 0.0175631, 0.722209, 5.4758, 4693.66
47600, 0.0173434, 0.649613, 5.49295, 4632.43
47700, 0.0175592, 0.734466, 5.40058, 4692.82
47800, 0.0173321, 0.691696, 5.44236, 4628.65
47900, 0.0173213, 0.660097, 5.44463, 4625.37
48000, 0.0174984, 0.737706, 5.39699, 4675.14
48100, 0.0173609, 0.664187, 5.45712, 4636.64
48200, 0.0174259, 0.673951, 5.48135, 4654.61
48300, 0.0176387, 0.73742, 5.42674, 4716.23
48400, 0.0174347, 0.639157, 5.52509, 4658.17
48500, 0.0176107, 0.709597, 5.48209, 4708.72
48600, 0.0176, 0.713807, 5.46753, 4706.84
48700, 0.0174238, 0.661117, 5.53022, 4655.27
48800, 0.0176364, 0.728843, 5.43802, 4716.44
48900, 0.0174612, 0.681311, 5.47475, 4665.48
49000, 0.0174846, 0.686897, 5.46617, 4671.21
49100, 0.017509, 0.698311, 5.44492, 4678.12
49200, 0.0175156, 0.692467, 5.44253, 4679.35
49300, 0.0174126, 0.659699, 5.48324, 4650.15
49400, 0.0175588, 0.702986, 5.42996, 4692.1
49500, 0.0175152, 0.672961, 5.44175, 4680.42
49600, 0.0173511, 0.638166, 5.49211, 4634.38
49700, 0.0176314, 0.721021, 5.3792, 4715.34
49800, 0.0172942, 0.635009, 5.49323, 4619.06
49900, 0.0174651, 0.669956, 5.42614, 4668.22
50000, 0.0175369, 0.682902, 5.40773, 4687.65
50100, 0.0173462, 0.634225, 5.49531, 4632.25
50200, 0.0175869, 0.67545, 5.42161, 4700.65
50300, 0.0175385, 0.664889, 5.4764, 4685.06
50400, 0.0175391, 0.650125, 5.49824, 4685.24
50500, 0.0176091, 0.662142, 5.47735, 4705.41
50600, 0.0176296, 0.679083, 5.48503, 4711.01
50700, 0.0174855, 0.637737, 5.50534, 4671.82
50800, 0.0175693, 0.686049, 5.44975, 4696.36
50900, 0.017453, 0.690411, 5.45902, 4664.13
51000, 0.0172954, 0.636714, 5.46481, 4620.83
51100, 0.0174929, 0.720979, 5.38705, 4676.2
51200, 0.0172649, 0.668732, 5.44092, 4611.8
51300, 0.0173204, 0.6605, 5.43419, 4626.81
51400, 0.0174946, 0.734949, 5.39552, 4675.18
51500, 0.0173146, 0.646279, 5.47387, 4623.93
51600, 0.0174838, 0.692634, 5.46307, 4670.63
51700, 0.0176011, 0.725707, 5.4356, 4704.5
51800, 0.017419, 0.635361, 5.51997, 4652.33
51900, 0.01763, 0.721118, 5.45698, 4712.7
52000, 0.0175215, 0.693822, 5.47266, 4683.27
52100, 0.01741, 0.660461, 5.50843, 4650.82
52200, 0.0176057, 0.723329, 5.4215, 4707.59
52300, 0.0173897, 0.660644, 5.47544, 4645.9
52400, 0.0174563, 0.682809, 5.45146, 4664.42
52500, 0.0174818, 0.688443, 5.43212, 4671.92
52600, 0.0174324, 0.670247, 5.44901, 4657.34
52700, 0.0174062, 0.660364, 5.46072, 4650.03
52800, 0.017506, 0.689088, 5.42215, 4678.45
52900, 0.0174383, 0.657685, 5.44334, 4659.61
53000, 0.0173572, 0.641657, 5.46371, 4637.08
53100, 0.0175605, 0.70647, 5.38246, 4695.57
53200, 0.0172734, 0.627191, 5.48469, 4613.7
53300, 0.0174718, 0.675711, 5.41281, 4670.47
53400, 0.0175061, 0.674788, 5.41451, 4679.23
53500, 0.0173428, 0.630266, 5.49649, 4631.61
53600, 0.0176205, 0.685967, 5.40874, 4710.44
53700, 0.0175, 0.650512, 5.48653, 4674.2
53800, 0.0175343, 0.653935, 5.48805, 4683.85
53900, 0.0176141, 0.666659, 5.45539, 4706.71
54000, 0.0175396, 0.655276, 5.48764, 4685.03
54100, 0.0174916, 0.642269, 5.46922, 4673.24
54200, 0.0175065, 0.670688, 5.43683, 4678.24
54300, 0.0173854, 0.667335, 5.44831, 4644.86
54400, 0.0173014, 0.632361, 5.43826, 4622.77
54500, 0.0174373, 0.6989, 5.38791, 4661
54600, 0.0172447, 0.648337, 5.43854, 4606.99
54700, 0.017337, 0.656893, 5.42594, 4632.64
54800, 0.0174699, 0.71805, 5.40328, 4669.39
54900, 0.0172939, 0.630321, 5.47972, 4619.25
55000, 0.0175093, 0.699998, 5.44799, 4678.82
55100, 0.0175374, 0.706329, 5.44446, 4687.11
55200, 0.0173987, 0.635402, 5.5069, 4647.03
55300, 0.0176172, 0.72836, 5.43532, 4709.16
55400, 0.0174338, 0.673741, 5.4754, 4658.29
55500, 0.0174083, 0.670533, 5.48069, 4650.35
55600, 0.0175593, 0.719758, 5.41138, 4694.29
55700, 0.0173297, 0.649106, 5.47451, 4629.02
55800, 0.017456, 0.691768, 5.43156, 4664.65
55900, 0.0174451, 0.680155, 5.42873, 4661.83
56000, 0.017382, 0.661024, 5.44975, 4643.54
56100, 0.0174132, 0.668054, 5.44049, 4652.55
56200, 0.0174503, 0.675929, 5.42305, 4662.97
56300, 0.0173977, 0.650968, 5.43791, 4648.41
56400, 0.0173622, 0.643944, 5.44202, 4638.81
56500, 0.0174891, 0.689671, 5.38963, 4675.35
56600, 0.0172683, 0.622432, 5.47073, 4612.66
56700, 0.0174601, 0.673665, 5.40339, 4667.52
56800, 0.0174566, 0.661098, 5.42086, 4665.83
56900, 0.0173398, 0.627791, 5.48563, 4631.76
57000, 0.0176059, 0.687211, 5.39975, 4707.36
57100, 0.0174386, 0.635996, 5.48901, 4658.02
57200, 0.0175164, 0.660801, 5.46777, 4680.03
57300, 0.0175725, 0.666044, 5.43851, 4695.93
57400, 0.017453, 0.641726, 5.48113, 4661.19
57500, 0.0174855, 0.653767, 5.43372, 4672
57600, 0.0174313, 0.657627, 5.42935, 4656.94
57700, 0.0173424, 0.65807, 5.4339, 4632.45
57800, 0.0173149, 0.634929, 5.41491, 4626.22
57900, 0.0173845, 0.679249, 5.3942, 4645.56
58000, 0.0172575, 0.640176, 5.42931, 4610.35
58100, 0.0173499, 0.65078, 5.42059, 4636.2
58200, 0.0174421, 0.698442, 5.41024, 4661.63
58300, 0.0172961, 0.620201, 5.47356, 4620.3
58400, 0.0175008, 0.695185, 5.43655, 4677.06
58500, 0.0174702, 0.683193, 5.44565, 4668.82
58600, 0.0173741, 0.632724, 5.48628, 4640.95
58700, 0.0175655, 0.722389, 5.41718, 4695.37
58800, 0.0173465, 0.65167, 5.46912, 4634.32
58900, 0.0173917, 0.677139, 5.44994, 4646.52
59000, 0.0174824, 0.707897, 5.40354, 4673.29
59100, 0.0172729, 0.640564, 5.46516, 4613.78
59200, 0.0174439, 0.700644, 5.40924, 4662.05
59300, 0.0173837, 0.669419, 5.42711, 4645.24
59400, 0.0173458, 0.662274, 5.44098, 4634.03
59500, 0.0174029, 0.677202, 5.42302, 4650.29
59600, 0.017389, 0.666978, 5.4242, 4645.98
59700, 0.017378, 0.655671, 5.42522, 4643.02
59800, 0.0173509, 0.647613, 5.42763, 4635.59
59900, 0.0174301, 0.679364, 5.39388, 4658.28
60000, 0.0172758, 0.624219, 5.4536, 4614.58
60100, 0.017435, 0.669003, 5.39833, 4660.12
60200, 0.017415, 0.650056, 5.42112, 4654.03
60300, 0.017335, 0.625038, 5.46928, 4630.84
60400, 0.0175616, 0.681075, 5.39325, 4695.43
60500, 0.0173777, 0.621595, 5.48096, 4641.94
60600, 0.0174792, 0.661445, 5.44364, 4670.95
60700, 0.0174998, 0.65815, 5.42361, 4676.86
60800, 0.0173695, 0.630945, 5.46535, 4639.11
60900, 0.0174522, 0.660219, 5.40217, 4663.96
61000, 0.0173466, 0.644358, 5.42209, 4633.92
61100, 0.0173062, 0.655239, 5.41519, 4622.94
61200, 0.0173091, 0.637934, 5.3971, 4624.86
61300, 0.0173323, 0.665898, 5.39962, 4630.74
61400, 0.0172764, 0.641832, 5.41584, 4615.64
61500, 0.0173477, 0.646336, 5.41819, 4635.3
61600, 0.017419, 0.686561, 5.41249, 4654.92
61700, 0.0173028, 0.618365, 5.46211, 4622.21
61800, 0.017474, 0.688556, 5.42856, 4669.52
61900, 0.0174206, 0.666883, 5.43888, 4654.96
62000, 0.0173488, 0.629806, 5.46507, 4634.15
62100, 0.0175045, 0.711497, 5.40246, 4678.46
62200, 0.0172804, 0.63305, 5.45645, 4616
62300, 0.017365, 0.677142, 5.42304, 4639.51
62400, 0.0174044, 0.690404, 5.39566, 4651.77
62500, 0.0172271, 0.631696, 5.45042, 4601.55
62600, 0.0174152, 0.701672, 5.38941, 4654.84
62700, 0.0173142, 0.65443, 5.4234, 4626.59
62800, 0.0173136, 0.664502, 5.42633, 4626
62900, 0.017371, 0.679921, 5.4083, 4642.39
63000, 0.017326, 0.659548, 5.42168, 4629.13
63100, 0.0173586, 0.66461, 5.40995, 4638.32
63200, 0.0173202, 0.650322, 5.4182, 4627.49
63300, 0.0173822, 0.676311, 5.39362, 4644.87
63400, 0.0172808, 0.631689, 5.43781, 4616.04
63500, 0.0174024, 0.667396, 5.39598, 4650.67
63600, 0.017386, 0.647479, 5.41697, 4645.57
63700, 0.0173277, 0.626236, 5.45395, 4628.74
63800, 0.0175139, 0.67644, 5.38709, 4681.97
63900, 0.0173313, 0.612696, 5.46758, 4629.26
64000, 0.0174363, 0.660374, 5.42188, 4659.49
64100, 0.0174291, 0.64926, 5.40886, 4657.72
64200, 0.0173002, 0.62103, 5.44645, 4620.61
64300, 0.0174087, 0.660996, 5.37659, 4652.71
64400, 0.0172718, 0.630562, 5.41336, 4613.69
64500, 0.0172733, 0.651475, 5.39655, 4614.55
64600, 0.0172897, 0.637058, 5.38352, 4620
64700, 0.0172835, 0.654518, 5.40137, 4617.4
64800, 0.0172854, 0.644296, 5.40131, 4618.68
64900, 0.017329, 0.642167, 5.41568, 4630.26
65000, 0.0173918, 0.679945, 5.40973, 4647.58
65100, 0.0172978, 0.620246, 5.44852, 4621.24
65200, 0.0174346, 0.684398, 5.42091, 4658.71
65300, 0.0173785, 0.658951, 5.42748, 4643.47
65400, 0.017318, 0.629754, 5.44611, 4625.85
65500, 0.0174474, 0.704153, 5.38964, 4662.54
65600, 0.0172324, 0.621709, 5.44224, 4602.59
65700, 0.0173371, 0.676406, 5.40181, 4631.78
65800, 0.017343, 0.67557, 5.3877, 4634.44
65900, 0.0171931, 0.624411, 5.43578, 4592.06
66000, 0.0173851, 0.69872, 5.37273, 4646.58
66100, 0.0172541, 0.638643, 5.41766, 4610.02
66200, 0.0172835, 0.663774, 5.41027, 4618.09
66300, 0.0173317, 0.676038, 5.39435, 4632.11
66400, 0.0172654, 0.650316, 5.41558, 4612.92
66500, 0.017332, 0.66995, 5.39382, 4631.73
66600, 0.0172774, 0.648419, 5.40914, 4616.35
66700, 0.017335, 0.674295, 5.3892, 4632.23
66800, 0.0172716, 0.638424, 5.42269, 4614.11
66900, 0.017359, 0.666574, 5.39277, 4638.91
67000, 0.0173542, 0.649834, 5.40967, 4636.95
67100, 0.0173093, 0.630533, 5.43905, 4623.93
67200, 0.0174624, 0.675496, 5.37967, 4667.7
67300, 0.0172888, 0.610728, 5.45244, 4617.68
67400, 0.0173916, 0.662463, 5.40246, 4647.35
67500, 0.017367, 0.644135, 5.39439, 4640.66
67600, 0.0172446, 0.615242, 5.42836, 4605.5
67700, 0.017369, 0.661929, 5.35573, 4642.01
67800, 0.0172125, 0.618299, 5.40462, 4597.35
67900, 0.0172469, 0.647598, 5.38018, 4607.49
68000, 0.0172706, 0.63396, 5.37158, 4614.84
68100, 0.0172394, 0.64177, 5.40017, 4605.18
68200, 0.0172859, 0.644286, 5.386, 4619.15
68300, 0.0172996, 0.635324, 5.41012, 4622.29
68400, 0.017354, 0.671851, 5.40245, 4637.44
68500, 0.0172796, 0.620634, 5.43131, 4616.81
68600, 0.017381, 0.678608, 5.41056, 4644.34
68700, 0.0173296, 0.653056, 5.41263, 4630.54
68800, 0.0172769, 0.630452, 5.42706, 4615.17
68900, 0.0173867, 0.698898, 5.37691, 4646.12
69000, 0.0171881, 0.615583, 5.42725, 4590.73
69100, 0.0173055, 0.6777, 5.3839, 4623.32
69200, 0.0172892, 0.665974, 5.38008, 4619.47
69300, 0.0171641, 0.621461, 5.42226, 4584.03
69400, 0.0173576, 0.697394, 5.35803, 4638.87
69500, 0.0172028, 0.626138, 5.41168, 4595.55
69600, 0.0172573, 0.663708, 5.39448, 4610.79
69700, 0.0172952, 0.670743, 5.38082, 4622.03
69800, 0.0172101, 0.640398, 5.40826, 4597.62
69900, 0.0173054, 0.672096, 5.37676, 4624.68
70000, 0.017232, 0.642298, 5.39942, 4604.12
70100, 0.0172867, 0.669995, 5.38204, 4619.13
70200, 0.0172527, 0.64115, 5.40604, 4609.49
70300, 0.0173059, 0.662227, 5.38737, 4624.56
70400, 0.0173142, 0.651291, 5.39886, 4626.34
70500, 0.0172773, 0.633256, 5.42219, 4615.72
70600, 0.0174, 0.674161, 5.37065, 4650.82
70700, 0.0172414, 0.611751, 5.43513, 4605.19
70800, 0.0173407, 0.665494, 5.38373, 4633.84
70900, 0.0173048, 0.64184, 5.38085, 4623.85
71000, 0.0171958, 0.614654, 5.41107, 4592.52
71100, 0.0173312, 0.665004, 5.33878, 4631.89
71200, 0.0171633, 0.609918, 5.3973, 4583.84
71300, 0.017228, 0.64756, 5.36586, 4602.42
71400, 0.017254, 0.631983, 5.36179, 4610.17
71500, 0.0172013, 0.630535, 5.39808, 4594.39
71600, 0.0172859, 0.645206, 5.3702, 4619.15
71700, 0.0172665, 0.626493, 5.40315, 4612.93
71800, 0.0173129, 0.662437, 5.39244, 4626.05
71900, 0.0172587, 0.619625, 5.41104, 4611.32
72000, 0.0173195, 0.668377, 5.39876, 4627.51
72100, 0.0172794, 0.646088, 5.39488, 4617.16
72200, 0.0172319, 0.628718, 5.40714, 4603.38
72300, 0.0173211, 0.690863, 5.3644, 4628.5
72400, 0.0171468, 0.610925, 5.41056, 4580
72500, 0.0172679, 0.677832, 5.36809, 4613.54
72600, 0.0172355, 0.658109, 5.37263, 4605.02
72700, 0.0171372, 0.621783, 5.40865, 4577.03
72800, 0.0173268, 0.697313, 5.3457, 4630.61
72900, 0.0171553, 0.617655, 5.40593, 4582.48
73000, 0.0172352, 0.666893, 5.37952, 4604.77
73100, 0.0172605, 0.666983, 5.36968, 4612.42
73200, 0.017163, 0.633397, 5.40139, 4584.46
73300, 0.0172856, 0.675247, 5.36047, 4619.21
73400, 0.0171895, 0.635366, 5.39174, 4592.31
73500, 0.0172461, 0.666276, 5.37402, 4607.78
73600, 0.0172354, 0.642205, 5.38945, 4604.89
73700, 0.0172512, 0.654782, 5.38223, 4609.42
73800, 0.0172773, 0.651701, 5.38544, 4616.31
73900, 0.0172401, 0.632638, 5.40499, 4605.87
74000, 0.0173333, 0.670028, 5.36157, 4632.6
74100, 0.0171967, 0.612776, 5.41572, 4593.47
74200, 0.0172856, 0.665464, 5.36677, 4619.18
74300, 0.017244, 0.639513, 5.36862, 4607.58
74400, 0.0171533, 0.61619, 5.39435, 4581.53
74500, 0.0172915, 0.667458, 5.32643, 4621.45
74600, 0.0171226, 0.605227, 5.39114, 4573.03
74700, 0.0172136, 0.650874, 5.35381, 4598.91
74800, 0.0172359, 0.631702, 5.35572, 4605.32
74900, 0.0171711, 0.624259, 5.39587, 4586.04
75000, 0.0172867, 0.649268, 5.35598, 4619.44
75100, 0.0172336, 0.618803, 5.39785, 4603.58
75200, 0.017279, 0.656369, 5.38184, 4616.5
75300, 0.0172419, 0.61971, 5.39175, 4606.62
75400, 0.0172613, 0.65659, 5.38893, 4611.21
75500, 0.0172425, 0.640862, 5.37646, 4607.01
75600, 0.0171927, 0.624434, 5.38962, 4592.7
75700, 0.0172624, 0.680191, 5.35393, 4612.39
75800, 0.0171191, 0.60705, 5.39333, 4572.76
75900, 0.0172299, 0.673714, 5.35604, 4603.42
76000, 0.0171901, 0.649514, 5.3653, 4592.81
76100, 0.0171167, 0.622128, 5.39523, 4571.88
76200, 0.0172925, 0.694738, 5.33696, 4621.48
76300, 0.0171156, 0.611166, 5.39979, 4571.82
76400, 0.0172163, 0.670777, 5.36647, 4599.91
76500, 0.0172265, 0.663273, 5.36202, 4603.23
76600, 0.0171267, 0.629936, 5.39518, 4574.57
76700, 0.017271, 0.679918, 5.34752, 4615.32
76800, 0.0171525, 0.62966, 5.38761, 4582.06
76900, 0.0172187, 0.66597, 5.36668, 4600.16
77000, 0.017223, 0.644164, 5.37643, 4601.51
77100, 0.0172037, 0.647866, 5.37961, 4596.06
77200, 0.0172537, 0.654179, 5.37207, 4609.73
77300, 0.0172066, 0.630636, 5.39148, 4596.65
77400, 0.0172762, 0.665329, 5.35436, 4616.62
77500, 0.0171664, 0.614513, 5.39699, 4585.33
77600, 0.0172349, 0.6621, 5.35465, 4605.32
77700, 0.0171971, 0.637022, 5.35826, 4594.81
77800, 0.017123, 0.617139, 5.38002, 4573.68
77900, 0.0172548, 0.667062, 5.31961, 4611.6
78000, 0.0170961, 0.602478, 5.38559, 4566.15
78100, 0.0172024, 0.653777, 5.34526, 4596.37
78200, 0.0172178, 0.631261, 5.35331, 4600.62
78300, 0.0171504, 0.621759, 5.39338, 4580.65
78400, 0.0172851, 0.654317, 5.34541, 4619.32
78500, 0.0172033, 0.613386, 5.39496, 4595.25
78600, 0.0172547, 0.65483, 5.37231, 4609.88
78700, 0.0172285, 0.621459, 5.37687, 4602.97
78800, 0.0172141, 0.64706, 5.38271, 4597.95
78900, 0.0172231, 0.639982, 5.36054, 4601.63
79000, 0.0171637, 0.61982, 5.37803, 4584.57
79100, 0.0172218, 0.670825, 5.34713, 4600.94
79200, 0.0171113, 0.605502, 5.37879, 4570.63
79300, 0.0172, 0.666489, 5.35007, 4595.04
79400, 0.0171649, 0.641954, 5.35913, 4585.8
79500, 0.0171087, 0.621128, 5.38456, 4569.78
79600, 0.0172632, 0.688639, 5.3329, 4613.38
79700, 0.017093, 0.605625, 5.39363, 4565.76
79800, 0.0172031, 0.671867, 5.35727, 4596.45
79900, 0.0171994, 0.657664, 5.3578, 4595.91
80000, 0.0171047, 0.627578, 5.38999, 4568.73
80100, 0.0172602, 0.683064, 5.33948, 4612.57
80200, 0.017125, 0.624373, 5.38645, 4574.65
80300, 0.0172044, 0.667699, 5.36134, 4596.34
80400, 0.0172146, 0.64633, 5.3687, 4599.38
80500, 0.0171682, 0.642965, 5.37989, 4586.21
80600, 0.017244, 0.659366, 5.36152, 4607.13
80700, 0.0171809, 0.629109, 5.38405, 4589.52
80800, 0.0172368, 0.662871, 5.35055, 4605.49
80900, 0.0171544, 0.618487, 5.38263, 4582.05
81000, 0.0171972, 0.65798, 5.34971, 4594.66
81100, 0.0171741, 0.636614, 5.35134, 4588.28
81200, 0.0171105, 0.617793, 5.37121, 4570.27
81300, 0.0172311, 0.665007, 5.31916, 4604.87
81400, 0.0170915, 0.601415, 5.38186, 4564.93
81500, 0.0171989, 0.654467, 5.34223, 4595.52
81600, 0.0172091, 0.629973, 5.35425, 4598.21
81700, 0.0171434, 0.620222, 5.39169, 4578.95
81800, 0.017284, 0.657573, 5.33998, 4619.25
81900, 0.0171822, 0.609034, 5.39426, 4589.54
82000, 0.0172408, 0.654978, 5.36557, 4606.3
82100, 0.0172204, 0.623313, 5.36779, 4600.93
82200, 0.0171819, 0.640032, 5.38048, 4589.08
82300, 0.0172193, 0.642344, 5.34979, 4600.72
82400, 0.0171474, 0.616208, 5.37368, 4580.04
82500, 0.0172027, 0.664831, 5.34524, 4595.51
82600, 0.0171228, 0.607038, 5.37008, 4573.75
82700, 0.0171844, 0.65918, 5.35155, 4590.43
82800, 0.017165, 0.638054, 5.35637, 4585.6
82900, 0.017117, 0.620033, 5.37985, 4571.86
83000, 0.0172494, 0.681576, 5.33479, 4609.17
83100, 0.0170956, 0.602195, 5.38993, 4566.26
83200, 0.0172021, 0.670025, 5.35452, 4595.9
83300, 0.0171906, 0.651176, 5.35779, 4593.27
83400, 0.0171033, 0.62486, 5.38795, 4568.26
83500, 0.0172595, 0.682971, 5.33774, 4612.29
83600, 0.017116, 0.618713, 5.38841, 4572.16
83700, 0.017205, 0.668627, 5.36001, 4596.57
83800, 0.0172153, 0.646773, 5.36683, 4599.7
83900, 0.0171504, 0.638787, 5.38354, 4581.34
84000, 0.0172487, 0.664942, 5.35608, 4608.56
84100, 0.0171676, 0.627585, 5.3834, 4585.95
84200, 0.0172188, 0.662612, 5.35171, 4600.42
84300, 0.0171615, 0.624241, 5.37533, 4584.1
84400, 0.0171782, 0.654599, 5.35305, 4589.17
84500, 0.0171783, 0.639596, 5.35024, 4589.19
84600, 0.0171189, 0.6195, 5.37066, 4572.43
84700, 0.0172289, 0.663712, 5.32627, 4603.73
84800, 0.0171136, 0.603344, 5.38278, 4570.78
84900, 0.0172102, 0.654196, 5.34706, 4598.31
85000, 0.0172206, 0.629523, 5.35987, 4600.98
85100, 0.0171569, 0.619314, 5.39383, 4582.52
85200, 0.0172938, 0.65905, 5.34159, 4621.69
85300, 0.0171813, 0.605437, 5.39715, 4589.12
85400, 0.0172437, 0.654724, 5.36438, 4607.08
85500, 0.017227, 0.624314, 5.36577, 4602.72
85600, 0.0171719, 0.633951, 5.3835, 4586.3
85700, 0.017234, 0.645436, 5.34647, 4604.85
85800, 0.0171503, 0.613086, 5.37713, 4580.81
85900, 0.0172075, 0.661114, 5.34981, 4596.8
86000, 0.0171542, 0.610531, 5.36931, 4582.45
86100, 0.0171885, 0.652869, 5.36125, 4591.3
86200, 0.0171916, 0.638019, 5.35951, 4592.74
86300, 0.017145, 0.61997, 5.38352, 4579.32
86400, 0.0172581, 0.67596, 5.3443, 4611.09
86500, 0.0171269, 0.602197, 5.392, 4574.53
86600, 0.0172207, 0.667309, 5.36086, 4600.46
86700, 0.0172097, 0.646472, 5.36418, 4597.96
86800, 0.017129, 0.622696, 5.39244, 4574.88
86900, 0.0172793, 0.681078, 5.34449, 4617.17
87000, 0.0171359, 0.613919, 5.39559, 4577.22
87100, 0.017228, 0.668101, 5.36572, 4602.52
87200, 0.0172365, 0.645611, 5.37227, 4605.26
87300, 0.0171595, 0.634465, 5.39254, 4583.58
87400, 0.017274, 0.66903, 5.35828, 4615.46
87500, 0.0171766, 0.6251, 5.39055, 4588.34
87600, 0.0172281, 0.662892, 5.35992, 4602.8
87700, 0.0171922, 0.629942, 5.37699, 4592.66
87800, 0.0171847, 0.651341, 5.36564, 4590.72
87900, 0.0172121, 0.644958, 5.35727, 4598.31
88000, 0.0171518, 0.621998, 5.3801, 4581.34
88100, 0.0172533, 0.66393, 5.34235, 4609.93
88200, 0.017165, 0.6087, 5.39123, 4584.65
88300, 0.0172426, 0.654259, 5.36185, 4606.71
88400, 0.0172599, 0.631719, 5.37257, 4611.19
88500, 0.0171972, 0.62031, 5.40336, 4593.18
88600, 0.0173248, 0.660507, 5.35268, 4629.61
88700, 0.0172111, 0.604111, 5.40658, 4596.82
88800, 0.0172726, 0.65459, 5.37222, 4614.56
88900, 0.0172603, 0.625489, 5.373, 4611.44
89000, 0.0171941, 0.628784, 5.39442, 4592.03
89100, 0.0172759, 0.648434, 5.35318, 4616.05
89200, 0.0171828, 0.610158, 5.38971, 4589.44
89300, 0.017243, 0.658314, 5.36306, 4606.27
89400, 0.0172122, 0.614529, 5.3783, 4598.22
89500, 0.01722, 0.646885, 5.38019, 4599.64
89600, 0.0172482, 0.640263, 5.37086, 4608.12
89700, 0.017198, 0.620337, 5.39726, 4593.61
89800, 0.0172951, 0.671918, 5.36309, 4620.8
89900, 0.0171898, 0.605237, 5.40254, 4591.54
90000, 0.0172649, 0.664678, 5.37831, 4612
90100, 0.017262, 0.64489, 5.37939, 4611.74
90200, 0.0171864, 0.622129, 5.40657, 4590.06
90300, 0.0173276, 0.679446, 5.36208, 4629.63
90400, 0.0171921, 0.611909, 5.41092, 4592
90500, 0.0172806, 0.6673, 5.38175, 4616.22
90600, 0.0172892, 0.644864, 5.38741, 4619.05
90700, 0.0172047, 0.630953, 5.40996, 4595.32
90800, 0.0173297, 0.67202, 5.37109, 4630.2
90900, 0.0172198, 0.622363, 5.40746, 4599.7
91000, 0.0172732, 0.663042, 5.37788, 4614.64
91100, 0.0172557, 0.634808, 5.38973, 4609.82
91200, 0.017226, 0.647609, 5.38885, 4601.55
91300, 0.017281, 0.65105, 5.37457, 4616.9
91400, 0.0172159, 0.624051, 5.4009, 4598.66
91500, 0.0173105, 0.664876, 5.36877, 4625.04
91600, 0.017249, 0.616108, 5.40943, 4607.45
91700, 0.0173021, 0.654293, 5.38813, 4622.49
91800, 0.0173323, 0.636619, 5.39449, 4630.45
91900, 0.0172688, 0.623221, 5.42318, 4612.34
92000, 0.0173846, 0.66288, 5.37551, 4645.28
92100, 0.0172785, 0.606294, 5.42549, 4614.7
92200, 0.0173343, 0.655537, 5.39228, 4630.8
92300, 0.0173297, 0.628523, 5.39202, 4629.72
92400, 0.0172566, 0.625868, 5.41629, 4608.49
92500, 0.0173532, 0.652195, 5.37279, 4636.55
92600, 0.0172551, 0.608628, 5.41351, 4608.58
92700, 0.0173169, 0.656667, 5.38773, 4625.87
92800, 0.0173054, 0.61903, 5.39924, 4623.24
92900, 0.0172889, 0.641226, 5.41, 4617.84
93000, 0.0173417, 0.643798, 5.39293, 4633.26
93100, 0.0172845, 0.620393, 5.42273, 4616.8
93200, 0.0173682, 0.668717, 5.39283, 4640.2
93300, 0.0172898, 0.609974, 5.42385, 4618.56
93400, 0.0173418, 0.661627, 5.40836, 4632.39
93500, 0.0173528, 0.645899, 5.40544, 4636.03
93600, 0.0172798, 0.622697, 5.43266, 4615.07
93700, 0.0174104, 0.678597, 5.39236, 4651.51
93800, 0.0172893, 0.613189, 5.43692, 4617.98
93900, 0.017368, 0.666892, 5.41086, 4639.34
94000, 0.0173809, 0.646105, 5.41459, 4643.35
94100, 0.0172922, 0.629412, 5.43885, 4618.45
94200, 0.0174231, 0.67522, 5.39748, 4654.93
94300, 0.0173068, 0.621166, 5.4365, 4622.71
94400, 0.0173616, 0.663747, 5.40857, 4637.93
94500, 0.0173607, 0.639806, 5.41597, 4637.91
94600, 0.0173116, 0.64418, 5.42465, 4624.09
94700, 0.0173924, 0.657493, 5.40458, 4646.66
94800, 0.0173204, 0.625592, 5.43465, 4626.64
94900, 0.0174086, 0.666096, 5.40719, 4651.01
95000, 0.017372, 0.624225, 5.43953, 4640.64
95100, 0.0173974, 0.653647, 5.42729, 4647.81
95200, 0.0174443, 0.643228, 5.42764, 4660.44
95300, 0.0173774, 0.626793, 5.4556, 4641.54
95400, 0.0174809, 0.665856, 5.41187, 4670.82
95500, 0.017389, 0.611549, 5.45638, 4644.36
95600, 0.0174346, 0.657288, 5.42707, 4657.47
95700, 0.0174417, 0.634062, 5.42493, 4659.59
95800, 0.0173645, 0.625742, 5.45182, 4637.24
95900, 0.0174719, 0.657417, 5.40781, 4668.13
96000, 0.0173744, 0.610003, 5.45073, 4640.33
96100, 0.0174351, 0.657001, 5.42667, 4657.27
96200, 0.0174417, 0.625138, 5.43452, 4659.6
96300, 0.0174036, 0.637144, 5.45291, 4648.24
96400, 0.017479, 0.649001, 5.42862, 4669.95
96500, 0.017414, 0.620838, 5.46193, 4651.33
96600, 0.0174863, 0.666583, 5.43569, 4671.51
96700, 0.0174344, 0.61599, 5.45845, 4657.39
96800, 0.0174608, 0.658082, 5.4526, 4663.95
96900, 0.0174893, 0.648836, 5.44445, 4672.57
97000, 0.0174161, 0.623593, 5.47276, 4651.61
97100, 0.0175355, 0.678159, 5.43687, 4684.78
97200, 0.0174331, 0.616978, 5.47586, 4656.59
97300, 0.0174965, 0.666481, 5.45515, 4673.57
97400, 0.0175182, 0.649427, 5.45573, 4680.06
97500, 0.0174272, 0.629766, 5.48186, 4654.47
97600, 0.0175602, 0.679133, 5.43987, 4691.46
97700, 0.0174444, 0.622482, 5.4799, 4659.38
97800, 0.0174987, 0.665597, 5.45481, 4674.28
97900, 0.0175142, 0.646185, 5.45804, 4678.94
98000, 0.0174487, 0.642255, 5.47525, 4660.37
98100, 0.0175521, 0.66497, 5.44998, 4689.25
98200, 0.0174738, 0.627867, 5.48328, 4667.56
98300, 0.0175552, 0.668147, 5.45987, 4689.84
98400, 0.0175417, 0.633187, 5.48401, 4686.12
98500, 0.0175384, 0.652773, 5.48108, 4685.22
98600, 0.0176041, 0.651173, 5.47443, 4703.12
98700, 0.0175317, 0.630505, 5.50284, 4682.87
98800, 0.0176231, 0.669151, 5.4636, 4708.59
98900, 0.0175497, 0.618912, 5.50158, 4687.54
99000, 0.0175808, 0.659157, 5.47853, 4696.5
99100, 0.0176035, 0.641712, 5.47362, 4702.91
99200, 0.0175229, 0.627708, 5.50323, 4679.74
99300, 0.0176376, 0.663876, 5.46016, 4712.41
99400, 0.017546, 0.614587, 5.50338, 4686.31
99500, 0.0176019, 0.659319, 5.4823, 4701.79
99600, 0.0176266, 0.633533, 5.48626, 4709.08
99700, 0.0175704, 0.635652, 5.51123, 4692.61
99800, 0.0176654, 0.656452, 5.48072, 4719.72
99900, 0.0175942, 0.623066, 5.51706, 4699.36
100000, 0.0176565, 0.666472, 5.49423, 4716.67
100100, 0.0176305, 0.624004, 5.50899, 4709.88
100200, 0.0176307, 0.655104, 5.51305, 4709.01
100300, 0.017679, 0.654032, 5.49892, 4723.22
100400, 0.0176038, 0.625129, 5.52897, 4701.79
100500, 0.0177116, 0.678353, 5.49752, 4731.61
100600, 0.0176306, 0.622871, 5.53007, 4709.58
100700, 0.0176743, 0.66583, 5.51647, 4720.98
100800, 0.0177088, 0.654471, 5.51277, 4731.07
100900, 0.0176161, 0.63139, 5.54116, 4705.01
101000, 0.0177479, 0.68349, 5.50014, 4741.59
101100, 0.0176385, 0.626088, 5.53959, 4711.37
101200, 0.0176894, 0.668365, 5.51874, 4725.13
101300, 0.0177215, 0.654212, 5.5178, 4734.48
101400, 0.0176422, 0.642167, 5.54265, 4711.92
101500, 0.0177647, 0.673855, 5.51305, 4746.05
101600, 0.0176821, 0.631883, 5.54873, 4723.21
101700, 0.0177561, 0.671683, 5.52915, 4743.19
101800, 0.0177643, 0.6438, 5.54527, 4745.69
101900, 0.0177333, 0.65274, 5.55159, 4736.95
102000, 0.0178188, 0.66095, 5.53752, 4760.39
102100, 0.0177402, 0.635086, 5.56721, 4738.56
102200, 0.0178202, 0.67325, 5.53275, 4760.93
102300, 0.0177685, 0.628339, 5.56349, 4746.17
102400, 0.0177818, 0.661227, 5.54849, 4750.04
102500, 0.0178227, 0.651226, 5.53997, 4761.55
102600, 0.017739, 0.631228, 5.57235, 4737.66
102700, 0.0178574, 0.67116, 5.5314, 4771.12
102800, 0.0177759, 0.62188, 5.57316, 4747.98
102900, 0.0178228, 0.663023, 5.55639, 4760.87
103000, 0.0178658, 0.643973, 5.55617, 4773.16
103100, 0.0177942, 0.636718, 5.58683, 4752.43
103200, 0.0179051, 0.665997, 5.55142, 4783.86
103300, 0.0178305, 0.627695, 5.59006, 4762.52
103400, 0.0178837, 0.668863, 5.57068, 4777.19
103500, 0.0178831, 0.634619, 5.57778, 4777.49
103600, 0.0178578, 0.653834, 5.59169, 4769.42
103700, 0.0179272, 0.662163, 5.57128, 4789.5
103800, 0.0178495, 0.628356, 5.60338, 4767.41
103900, 0.0179458, 0.680097, 5.57637, 4793.9
104000, 0.0178886, 0.631398, 5.60184, 4778.65
104100, 0.0179095, 0.665566, 5.59665, 4783.6
104200, 0.0179599, 0.661562, 5.5877, 4798.22
104300, 0.0178659, 0.634352, 5.61866, 4771.81
104400, 0.0179933, 0.688282, 5.57995, 4807.1
104500, 0.0178957, 0.631793, 5.61719, 4780.27
104600, 0.0179396, 0.671696, 5.60194, 4791.9
104700, 0.017988, 0.663591, 5.59678, 4805.91
104800, 0.0178973, 0.643644, 5.62827, 4780.06
104900, 0.0180346, 0.683797, 5.59543, 4818.24
105000, 0.01795, 0.637694, 5.63252, 4794.94
105100, 0.0180156, 0.676714, 5.61682, 4812.35
105200, 0.0180443, 0.656214, 5.62531, 4820.69
105300, 0.0179878, 0.654137, 5.64058, 4804.69
105400, 0.0180932, 0.672928, 5.61919, 4833.69
105500, 0.0180088, 0.641315, 5.65077, 4810.33
105600, 0.0180786, 0.678873, 5.62128, 4829.64
105700, 0.0180512, 0.640404, 5.64424, 4821.87
105800, 0.0180441, 0.664199, 5.63868, 4819.9
105900, 0.0181054, 0.663013, 5.62572, 4837.12
106000, 0.018019, 0.636637, 5.66077, 4812.62
106100, 0.0181373, 0.679405, 5.62295, 4845.82
106200, 0.0180699, 0.631831, 5.66153, 4826.79
106300, 0.0181037, 0.667858, 5.65034, 4835.94
106400, 0.0181648, 0.656158, 5.64561, 4853.22
106500, 0.0180807, 0.64007, 5.68105, 4829.08
106600, 0.0182028, 0.677087, 5.64235, 4863.53
106700, 0.0181279, 0.634599, 5.68228, 4842.13
106800, 0.0181723, 0.673531, 5.66657, 4854.27
106900, 0.0181956, 0.647645, 5.66664, 4861.25
107000, 0.0181468, 0.654682, 5.68997, 4846.51
107100, 0.0182375, 0.673277, 5.6634, 4872.48
107200, 0.0181573, 0.633898, 5.69774, 4849.72
107300, 0.0182426, 0.684127, 5.6751, 4873.01
107400, 0.018211, 0.643093, 5.69313, 4864.97
107500, 0.0182072, 0.666598, 5.6973, 4862.94
107600, 0.0182767, 0.671455, 5.6823, 4882.89
107700, 0.0181818, 0.63935, 5.71604, 4856.23
107800, 0.018302, 0.694146, 5.68074, 4889.44
107900, 0.0182214, 0.64015, 5.71409, 4867.45
108000, 0.0182542, 0.675786, 5.70571, 4875.86
108100, 0.0183187, 0.674487, 5.69617, 4894.43
108200, 0.0182192, 0.646788, 5.73315, 4866.08
108300, 0.0183659, 0.694451, 5.69839, 4906.82
108400, 0.0182825, 0.645251, 5.7357, 4883.97
108500, 0.0183382, 0.682954, 5.72413, 4898.45
108600, 0.0183855, 0.669986, 5.7256, 4912.14
108700, 0.0183068, 0.657051, 5.74922, 4889.82
108800, 0.0184309, 0.686814, 5.72114, 4924.02
108900, 0.0183415, 0.649256, 5.755, 4899.33
109000, 0.0184026, 0.686319, 5.7305, 4916
109100, 0.0184008, 0.655217, 5.74557, 4915.55
109200, 0.0183718, 0.668581, 5.75036, 4907.28
109300, 0.0184555, 0.677509, 5.73225, 4930.69
109400, 0.0183667, 0.64444, 5.76988, 4905.64
109500, 0.0184818, 0.689125, 5.73596, 4937.68
109600, 0.0184323, 0.644932, 5.7697, 4923.84
109700, 0.0184491, 0.674093, 5.76532, 4928.14
109800, 0.0185284, 0.67038, 5.75566, 4950.46
109900, 0.0184347, 0.645961, 5.79493, 4923.75
110000, 0.0185628, 0.689516, 5.75476, 4959.74
110100, 0.0184915, 0.643922, 5.79461, 4939.46
110200, 0.0185266, 0.680213, 5.78299, 4948.92
110300, 0.0185716, 0.662694, 5.7768, 4961.99
110400, 0.0185021, 0.657753, 5.80864, 4941.46
110500, 0.0186124, 0.686839, 5.77662, 4972.82
110600, 0.0185304, 0.6418, 5.81313, 4949.61
110700, 0.0186053, 0.690582, 5.79474, 4969.87
110800, 0.0185997, 0.657763, 5.80545, 4969.12
110900, 0.0185709, 0.669469, 5.81941, 4960.03
111000, 0.0186616