100, 0.172178, 26.9251, 39.7195, 46622.8
200, 0.0954717, 18.2526, 26.4843, 25313.5
300, 0.0702897, 13.6817, 24.0318, 18435.9
400, 0.071557, 10.1864, 21.0829, 19054.2
500, 0.068787, 10.6325, 17.5505, 18319.7
600, 0.0616379, 7.53961, 17.9112, 16271.6
700, 0.052147, 7.65429, 18.2555, 13814.7
800, 0.0549691, 6.4767, 15.8858, 14473.2
900, 0.0529355, 5.99643, 15.0306, 13892.5
1000, 0.056525, 5.8305, 10.3115, 15252.6
1100, 0.0536195, 4.79195, 10.8705, 14496.1
1200, 0.0475922, 4.43105, 12.5435, 12606.6
1300, 0.0434838, 4.4927, 13.1578, 11410.6
1400, 0.0378202, 4.05698, 13.9057, 9922.58
1500, 0.037156, 3.44376, 12.6635, 9904.97
1600, 0.0392063, 3.49915, 11.2124, 10502.5
1700, 0.0365799, 2.78318, 11.6842, 9704.69
1800, 0.0350907, 3.0861, 11.4247, 9323.98
1900, 0.0346576, 2.91008, 11.0901, 9146.04
2000, 0.0322061, 2.71309, 11.2435, 8519
2100, 0.0332659, 2.52261, 10.4242, 8881.58
2200, 0.0347998, 2.67218, 8.86271, 9386.57
2300, 0.0343523, 2.5498, 8.90687, 9240.94
2400, 0.0330176, 2.28615, 9.28184, 8795.84
2500, 0.031031, 2.48017, 9.43263, 8215.87
2600, 0.0299671, 2.46079, 9.1352, 7955.37
2700, 0.0304802, 2.47589, 8.41288, 8192.02
2800, 0.0296107, 2.20684, 8.47566, 7982.59
2900, 0.0279644, 1.81155, 8.78776, 7462.08
3000, 0.0277398, 2.00014, 8.68655, 7348.26
3100, 0.0272937, 1.91674, 8.7828, 7213.17
3200, 0.0250059, 1.57733, 9.19378, 6631.43
3300, 0.0242461, 1.4547, 8.93776, 6473.32
3400, 0.0256104, 1.64813, 8.09829, 6856.79
3500, 0.0269821, 1.82297, 7.47175, 7227.32
3600, 0.02664, 1.71535, 7.71938, 7097.28
3700, 0.0258221, 1.73264, 7.77442, 6870.42
3800, 0.0258143, 1.88742, 7.28806, 6900.55
3900, 0.0260591, 1.9149, 6.74649, 7016.25
4000, 0.0249973, 1.61467, 7.11019, 6728.08
4100, 0.0240756, 1.36185, 7.50209, 6427.87
4200, 0.0239786, 1.52118, 7.37511, 6372.06
4300, 0.0235767, 1.54125, 7.33035, 6264
4400, 0.0218758, 1.21637, 7.73341, 5814.72
4500, 0.0209772, 0.98981, 7.85683, 5584.78
4600, 0.0221823, 1.30367, 7.21818, 5926.59
4700, 0.023198, 1.49308, 6.67525, 6202.13
4800, 0.0227838, 1.29961, 6.85819, 6073.12
4900, 0.0222575, 1.2662, 7.06084, 5929.51
5000, 0.0228903, 1.4824, 6.65164, 6126.8
5100, 0.0232321, 1.55885, 6.14784, 6240.53
5200, 0.0221803, 1.30578, 6.40616, 5945.43
5300, 0.021277, 1.11431, 6.81236, 5674.78
5400, 0.0218262, 1.33317, 6.66337, 5821.76
5500, 0.0219684, 1.40047, 6.46429, 5865.77
5600, 0.020371, 1.07941, 6.76991, 5427.08
5700, 0.0194622, 0.854319, 6.9698, 5176.68
5800, 0.0205595, 1.12913, 6.62162, 5486.42
5900, 0.0214455, 1.29253, 6.21191, 5734.92
6000, 0.0206525, 1.11014, 6.36024, 5508.85
6100, 0.0198662, 0.984763, 6.55607, 5289.65
6200, 0.0208434, 1.26547, 6.23512, 5572.45
6300, 0.0215219, 1.39915, 5.8967, 5770.43
6400, 0.0204092, 1.15231, 6.11601, 5458.61
6500, 0.0193619, 0.943705, 6.38459, 5160.03
6600, 0.0201274, 1.18078, 6.17322, 5373.84
6700, 0.0207295, 1.27751, 5.97332, 5543.56
6800, 0.0196035, 1.02684, 6.21881, 5227.48
6900, 0.0184519, 0.828219, 6.39281, 4905.56
7000, 0.0193045, 1.10832, 6.07545, 5152.23
7100, 0.0203069, 1.26275, 5.80885, 5437.57
7200, 0.0195842, 1.03363, 6.03791, 5230.76
7300, 0.0186399, 0.895054, 6.17984, 4962.79
7400, 0.0192994, 1.15816, 5.83367, 5151.91
7500, 0.020052, 1.28104, 5.57066, 5369.82
7600, 0.0192498, 1.06273, 5.87771, 5146.81
7700, 0.0181779, 0.867049, 6.11262, 4843.55
7800, 0.0186841, 1.08389, 5.83086, 4986.67
7900, 0.0194166, 1.20163, 5.59087, 5191.29
8000, 0.0186669, 0.960598, 5.86937, 4978.18
8100, 0.0177325, 0.798127, 6.04998, 4717.63
8200, 0.0182967, 1.06679, 5.69604, 4885.15
8300, 0.0191096, 1.21522, 5.38161, 5119.36
8400, 0.0186116, 1.03457, 5.66767, 4975.04
8500, 0.0178574, 0.881139, 5.88689, 4755.71
8600, 0.0182688, 1.08914, 5.56012, 4875
8700, 0.0187826, 1.20156, 5.2416, 5027.42
8800, 0.018011, 0.961284, 5.55248, 4814.42
8900, 0.0172325, 0.785272, 5.84216, 4592.96
9000, 0.0177339, 1.01946, 5.58168, 4731.75
9100, 0.0182933, 1.15256, 5.2537, 4888.95
9200, 0.0176044, 0.963681, 5.48996, 4694.37
9300, 0.0168869, 0.807466, 5.73313, 4493.99
9400, 0.0174696, 1.03231, 5.44662, 4666.71
9500, 0.0181121, 1.16964, 5.08482, 4852.72
9600, 0.017483, 0.97259, 5.28544, 4672.93
9700, 0.0168518, 0.823163, 5.55201, 4488.45
9800, 0.0174419, 1.02439, 5.31831, 4655.26
9900, 0.017876, 1.12842, 4.99954, 4784.92
10000, 0.0169929, 0.932836, 5.21228, 4540.92
10100, 0.0161523, 0.768865, 5.49789, 4302.3
10200, 0.0167988, 0.992978, 5.30649, 4482.91
10300, 0.0174326, 1.12739, 5.01191, 4661.2
10400, 0.0166546, 0.934421, 5.16624, 4442.51
10500, 0.0158566, 0.762635, 5.38842, 4219.4
10600, 0.0165641, 0.959674, 5.16869, 4423.59
10700, 0.0172619, 1.08023, 4.86632, 4624.15
10800, 0.0165763, 0.921674, 5.00867, 4429.76
10900, 0.0157333, 0.775954, 5.21767, 4188.7
11000, 0.0163494, 0.981769, 5.01555, 4364.2
11100, 0.0170073, 1.10183, 4.77338, 4553.98
11200, 0.0162291, 0.914125, 4.95327, 4337.01
11300, 0.0152626, 0.746274, 5.16911, 4063.62
11400, 0.0158132, 0.939197, 4.96921, 4218.37
11500, 0.0165274, 1.05635, 4.7327, 4421
11600, 0.015903, 0.893129, 4.90767, 4245.55
11700, 0.0149916, 0.728957, 5.08771, 3989.51
11800, 0.0155062, 0.916753, 4.8562, 4138.86
11900, 0.0162872, 1.04147, 4.60449, 4361.18
12000, 0.0157553, 0.87464, 4.77734, 4210.02
12100, 0.0148957, 0.739395, 4.95396, 3966.19
12200, 0.0152955, 0.929595, 4.71819, 4081.77
12300, 0.0159582, 1.04523, 4.4747, 4272.93
12400, 0.0154396, 0.891259, 4.69321, 4127.27
12500, 0.0145851, 0.732647, 4.90427, 3883.86
12600, 0.0149062, 0.889893, 4.68311, 3975.82
12700, 0.0155362, 0.99758, 4.4255, 4155.86
12800, 0.0150334, 0.825232, 4.62214, 4015.02
12900, 0.0142696, 0.685087, 4.82788, 3799.55
13000, 0.0146328, 0.872842, 4.59679, 3904.77
13100, 0.0152613, 0.999019, 4.30813, 4084.91
13200, 0.0148387, 0.865179, 4.49275, 3964.94
13300, 0.0141393, 0.725197, 4.70884, 3765.18
13400, 0.0144534, 0.87608, 4.49351, 3856.98
13500, 0.0149826, 0.982173, 4.20532, 4010.75
13600, 0.014472, 0.820191, 4.38752, 3868.03
13700, 0.0137954, 0.677086, 4.63278, 3674.61
13800, 0.0141633, 0.838282, 4.45024, 3778.39
13900, 0.0146669, 0.949846, 4.16106, 3923.48
14000, 0.0141389, 0.814679, 4.31173, 3775.98
14100, 0.0134452, 0.678163, 4.53976, 3579.5
14200, 0.0138479, 0.839729, 4.36208, 3695.77
14300, 0.014409, 0.956452, 4.07357, 3857.03
14400, 0.013904, 0.813327, 4.1998, 3714.98
14500, 0.0132455, 0.670584, 4.42651, 3526.99
14600, 0.0136782, 0.811699, 4.26717, 3649.85
14700, 0.0141904, 0.913247, 3.99471, 3798.29
14800, 0.013625, 0.785217, 4.11454, 3640.88
14900, 0.0128761, 0.651144, 4.33421, 3428.49
15000, 0.0133051, 0.808449, 4.19103, 3550.32
15100, 0.0138917, 0.922013, 3.94372, 3717.71
15200, 0.0133607, 0.787036, 4.05091, 3568.81
15300, 0.0126099, 0.644296, 4.24812, 3356.43
15400, 0.0130343, 0.780789, 4.09665, 3477.64
15500, 0.0136317, 0.883578, 3.8543, 3649.26
15600, 0.0131475, 0.765557, 3.96288, 3513.6
15700, 0.0123769, 0.630744, 4.14951, 3294.99
15800, 0.012757, 0.773023, 4.00153, 3403.46
15900, 0.0133738, 0.880482, 3.77947, 3579.71
16000, 0.0128999, 0.753129, 3.89485, 3447.11
16100, 0.0121099, 0.621678, 4.07326, 3223.97
16200, 0.0124361, 0.758388, 3.91771, 3317.33
16300, 0.0130486, 0.862108, 3.69639, 3492.51
16400, 0.0126549, 0.749675, 3.82284, 3381.77
16500, 0.0119027, 0.613372, 3.99845, 3168.46
16600, 0.0121824, 0.736399, 3.83834, 3249.35
16700, 0.0127834, 0.836907, 3.61361, 3421.4
16800, 0.0124035, 0.71515, 3.73879, 3315
16900, 0.0116813, 0.595665, 3.91532, 3110.56
17000, 0.0119273, 0.731554, 3.75404, 3181.48
17100, 0.0124922, 0.836792, 3.52416, 3343.55
17200, 0.0121567, 0.731796, 3.65905, 3249.25
17300, 0.0114715, 0.60121, 3.84522, 3054.46
17400, 0.0116817, 0.710947, 3.68887, 3115.62
17500, 0.0122106, 0.805683, 3.45048, 3267.59
17600, 0.0118661, 0.687903, 3.57445, 3171.27
17700, 0.0112306, 0.56957, 3.7675, 2990.81
17800, 0.011462, 0.69555, 3.62041, 3057.3
17900, 0.0119618, 0.798395, 3.37566, 3201.12
18000, 0.0116254, 0.700544, 3.49093, 3106.87
18100, 0.0110005, 0.579236, 3.68545, 2929.1
18200, 0.0112238, 0.68904, 3.54759, 2993.91
18300, 0.0117075, 0.784541, 3.3035, 3133.38
18400, 0.0113549, 0.674539, 3.40695, 3034.89
18500, 0.0107619, 0.552571, 3.60807, 2865.89
18600, 0.0110206, 0.662021, 3.48575, 2939.3
18700, 0.0114819, 0.757436, 3.24473, 3072.26
18800, 0.011109, 0.664176, 3.33292, 2968.43
18900, 0.0104866, 0.548622, 3.52448, 2792
19000, 0.010753, 0.662141, 3.41005, 2868.64
19100, 0.0112485, 0.760586, 3.17988, 3010.82
19200, 0.01089, 0.660835, 3.25764, 2910.43
19300, 0.010282, 0.539154, 3.44347, 2737.51
19400, 0.010557, 0.636665, 3.33546, 2815.67
19500, 0.011034, 0.726281, 3.1139, 2953.13
19600, 0.0106656, 0.637965, 3.1877, 2850.67
19700, 0.0100203, 0.523817, 3.36508, 2667.82
19800, 0.0102848, 0.632093, 3.26355, 2743.29
19900, 0.0107998, 0.728194, 3.05774, 2890.43
20000, 0.0104549, 0.635516, 3.12798, 2793.98
20100, 0.00980994, 0.518942, 3.29314, 2611.45
20200, 0.0100529, 0.613666, 3.18671, 2681.06
20300, 0.0105627, 0.702793, 2.98475, 2827.39
20400, 0.0102543, 0.620294, 3.05989, 2741.17
20500, 0.00961274, 0.505968, 3.22093, 2559.14
20600, 0.00982546, 0.600853, 3.11642, 2620.09
20700, 0.0103374, 0.690896, 2.92303, 2766.51
20800, 0.0100371, 0.602817, 2.99961, 2682.78
20900, 0.00939869, 0.495098, 3.15541, 2502.29
21000, 0.00958129, 0.590932, 3.04669, 2554.93
21100, 0.0100843, 0.681193, 2.85213, 2699.04
21200, 0.00983514, 0.603885, 2.93487, 2629.16
21300, 0.00923011, 0.491246, 3.09139, 2457.34
21400, 0.0093848, 0.573449, 2.98262, 2502.25
21500, 0.00986555, 0.658061, 2.78567, 2640.13
21600, 0.00961377, 0.574115, 2.86555, 2570.02
21700, 0.00903178, 0.47315, 3.02454, 2405.1
21800, 0.00917698, 0.566113, 2.91926, 2447.03
21900, 0.00963595, 0.655417, 2.72029, 2578.76
22000, 0.00940788, 0.583015, 2.80096, 2514.96
22100, 0.00884887, 0.475618, 2.96239, 2356.11
22200, 0.00897951, 0.552119, 2.86073, 2394.28
22300, 0.00941799, 0.634003, 2.65865, 2520.36
22400, 0.00918378, 0.554313, 2.73141, 2455.15
22500, 0.00865617, 0.453725, 2.89702, 2305.17
22600, 0.00880279, 0.537539, 2.80441, 2347.13
22700, 0.00921892, 0.622871, 2.60281, 2466.84
22800, 0.00897965, 0.554798, 2.66843, 2400.24
22900, 0.00844798, 0.453541, 2.83141, 2249.34
23000, 0.00859344, 0.531127, 2.74478, 2291.56
23100, 0.00901318, 0.613631, 2.54698, 2412.21
23200, 0.00877677, 0.539889, 2.60439, 2346.3
23300, 0.00826817, 0.438077, 2.76702, 2201.57
23400, 0.00842982, 0.511162, 2.68815, 2247.53
23500, 0.00883194, 0.591399, 2.49467, 2363.3
23600, 0.00858312, 0.5273, 2.54482, 2294.3
23700, 0.00805352, 0.430349, 2.70091, 2144.23
23800, 0.00821453, 0.508296, 2.62763, 2190.53
23900, 0.00863918, 0.591005, 2.44394, 2312.18
24000, 0.00840507, 0.523608, 2.4892, 2246.87
24100, 0.00788556, 0.423825, 2.63884, 2099.41
24200, 0.00804298, 0.490326, 2.56685, 2144.34
24300, 0.00845602, 0.567331, 2.38812, 2263.08
24400, 0.00822765, 0.507313, 2.43269, 2199.71
24500, 0.0076969, 0.412015, 2.57736, 2049.26
24600, 0.0078422, 0.483677, 2.50918, 2090.87
24700, 0.00826905, 0.563168, 2.34006, 2212.93
24800, 0.00805321, 0.500315, 2.38356, 2152.85
24900, 0.0075256, 0.405785, 2.52107, 2003.51
25000, 0.00765258, 0.470973, 2.45, 2040.09
25100, 0.00807304, 0.547421, 2.28294, 2160.71
25200, 0.00788639, 0.491444, 2.32991, 2108.71
25300, 0.00737275, 0.397067, 2.46563, 1962.92
25400, 0.00748103, 0.458966, 2.3959, 1994.12
25500, 0.00789357, 0.53377, 2.23237, 2112.24
25600, 0.00770884, 0.474337, 2.27874, 2061.01
25700, 0.00720328, 0.386101, 2.4121, 1917.95
25800, 0.00729641, 0.451153, 2.34183, 1944.99
25900, 0.0077, 0.527471, 2.17823, 2060.68
26000, 0.00754503, 0.475379, 2.22689, 2017.45
26100, 0.00706333, 0.383764, 2.36033, 1880.62
26200, 0.00714187, 0.438403, 2.291, 1903.59
26300, 0.00752725, 0.509605, 2.12624, 2014.21
26400, 0.00736838, 0.453554, 2.17171, 1970.24
26500, 0.00690444, 0.369235, 2.30705, 1838.67
26600, 0.00698244, 0.430485, 2.24229, 1861.22
26700, 0.00735257, 0.504571, 2.07822, 1967.46
26800, 0.00720326, 0.455756, 2.12184, 1925.98
26900, 0.00675009, 0.368405, 2.25632, 1797.32
27000, 0.00682213, 0.420732, 2.19424, 1818.49
27100, 0.00718334, 0.490491, 2.03033, 1922.27
27200, 0.00703411, 0.438125, 2.06858, 1880.92
27300, 0.0066023, 0.354428, 2.2043, 1758.18
27400, 0.00668381, 0.40856, 2.14848, 1781.49
27500, 0.00702848, 0.478856, 1.98716, 1880.58
27600, 0.00687273, 0.432976, 2.02066, 1837.52
27700, 0.00643467, 0.349875, 2.15292, 1713.32
27800, 0.00651548, 0.402663, 2.10105, 1736.83
27900, 0.00686729, 0.472319, 1.94435, 1837.76
28000, 0.00671986, 0.424197, 1.97304, 1796.84
28100, 0.00629783, 0.341118, 2.10261, 1676.9
28200, 0.00638341, 0.388754, 2.05419, 1701.31
28300, 0.0067221, 0.455703, 1.90109, 1798.68
28400, 0.00657012, 0.413005, 1.92658, 1756.76
28500, 0.00613819, 0.333094, 2.05195, 1634.38
28600, 0.00622026, 0.384148, 2.00738, 1658.04
28700, 0.00657044, 0.452493, 1.86155, 1758.29
28800, 0.00642921, 0.408299, 1.88471, 1719.13
28900, 0.00600476, 0.327998, 2.00479, 1598.77
29000, 0.00607961, 0.372204, 1.95994, 1620.27
29100, 0.00642148, 0.43726, 1.8171, 1718.43
29200, 0.00629032, 0.397751, 1.84071, 1682.21
29300, 0.00586755, 0.319633, 1.95809, 1562.33
29400, 0.00593304, 0.365002, 1.91575, 1581.19
29500, 0.00627633, 0.43012, 1.7785, 1679.42
29600, 0.0061506, 0.388847, 1.80136, 1644.69
29700, 0.00573214, 0.312783, 1.91451, 1526.23
29800, 0.00578553, 0.356082, 1.871, 1541.79
29900, 0.00612336, 0.420448, 1.73525, 1638.66
30000, 0.00601849, 0.383957, 1.75988, 1609.64
30100, 0.0056149, 0.307592, 1.8718, 1495.06
30200, 0.00565753, 0.346646, 1.82928, 1507.5
30300, 0.00598494, 0.408387, 1.69524, 1601.33
30400, 0.00587922, 0.369751, 1.71864, 1572.27
30500, 0.00548398, 0.297892, 1.8296, 1460.35
30600, 0.0055199, 0.339906, 1.7884, 1470.92
30700, 0.00583964, 0.403122, 1.65543, 1562.59
30800, 0.00574991, 0.369324, 1.67904, 1537.79
30900, 0.00536958, 0.295786, 1.78899, 1429.81
31000, 0.00539818, 0.331086, 1.74867, 1438.37
31100, 0.00570604, 0.390603, 1.61571, 1526.73
31200, 0.00561495, 0.35476, 1.6367, 1501.75
31300, 0.00524852, 0.285478, 1.7475, 1397.79
31400, 0.00527872, 0.323712, 1.71112, 1406.58
31500, 0.00557496, 0.38428, 1.58012, 1491.6
31600, 0.0054863, 0.352642, 1.59902, 1467.23
31700, 0.00512407, 0.282381, 1.7078, 1364.49
31800, 0.00515152, 0.316663, 1.67334, 1372.72
31900, 0.00544483, 0.375178, 1.54398, 1456.9
32000, 0.00535995, 0.342224, 1.55951, 1433.58
32100, 0.00501293, 0.274106, 1.66773, 1335
32200, 0.00504476, 0.307449, 1.63692, 1344.12
32300, 0.00532581, 0.365, 1.51025, 1424.86
32400, 0.00523642, 0.335497, 1.523, 1400.4
32500, 0.00488551, 0.268267, 1.62828, 1300.98
32600, 0.00491618, 0.302029, 1.60023, 1310.01
32700, 0.00520236, 0.359713, 1.47778, 1392.03
32800, 0.00512077, 0.329631, 1.4879, 1369.59
32900, 0.00478082, 0.263116, 1.5901, 1273.09
33000, 0.00481092, 0.292825, 1.56332, 1281.74
33100, 0.00508757, 0.348211, 1.4435, 1361.19
33200, 0.00500626, 0.321165, 1.45237, 1338.99
33300, 0.00466444, 0.256397, 1.552, 1242.14
33400, 0.00469105, 0.287604, 1.52789, 1249.9
33500, 0.00497145, 0.34332, 1.41308, 1330.17
33600, 0.00489631, 0.315631, 1.42069, 1309.57
33700, 0.00455999, 0.25179, 1.51641, 1214.27
33800, 0.00457999, 0.279713, 1.49185, 1220.16
33900, 0.0048545, 0.33387, 1.37906, 1298.91
34000, 0.00478919, 0.309271, 1.38719, 1281.09
34100, 0.00445957, 0.24641, 1.48126, 1187.61
34200, 0.00447355, 0.273317, 1.45832, 1191.75
34300, 0.00474419, 0.326268, 1.3488, 1269.24
34400, 0.00468042, 0.300536, 1.35621, 1251.89
34500, 0.00435524, 0.239826, 1.44777, 1159.83
34600, 0.00436224, 0.266743, 1.42482, 1162.08
34700, 0.00462835, 0.319936, 1.31683, 1238.36
34800, 0.00457804, 0.297517, 1.32487, 1224.66
34900, 0.00426474, 0.236719, 1.41513, 1135.75
35000, 0.00426584, 0.259974, 1.39281, 1136.28
35100, 0.0045229, 0.31062, 1.28592, 1209.97
35200, 0.00447167, 0.28694, 1.29278, 1196.16
35300, 0.00416605, 0.22907, 1.38256, 1109.59
35400, 0.00416462, 0.254121, 1.36203, 1109.38
35500, 0.00441509, 0.305602, 1.25685, 1181.19
35600, 0.00437149, 0.284941, 1.26318, 1169.39
35700, 0.0040744, 0.226625, 1.35134, 1085.11
35800, 0.00406922, 0.248075, 1.33147, 1083.9
35900, 0.00431274, 0.297303, 1.22704, 1153.77
36000, 0.00427013, 0.275818, 1.23152, 1142.33
36100, 0.00398404, 0.219953, 1.31968, 1061.18
36200, 0.00398039, 0.241906, 1.30256, 1060.23
36300, 0.00421483, 0.290903, 1.20029, 1127.5
36400, 0.00417188, 0.271681, 1.20318, 1115.97
36500, 0.00388753, 0.21583, 1.28922, 1035.38
36600, 0.00388234, 0.236564, 1.27349, 1034.16
36700, 0.00411599, 0.284837, 1.17331, 1101.15
36800, 0.0040776, 0.265463, 1.17424, 1090.85
36900, 0.00380412, 0.211157, 1.25891, 1013.22
37000, 0.00380024, 0.230108, 1.24504, 1012.17
37100, 0.00402485, 0.276889, 1.14706, 1076.64
37200, 0.00398426, 0.25926, 1.14652, 1065.82
37300, 0.00370995, 0.205655, 1.22906, 988.126
37400, 0.00370492, 0.225194, 1.21716, 986.87
37500, 0.00393167, 0.272142, 1.1226, 1051.81
37600, 0.00389641, 0.254596, 1.12065, 1042.37
37700, 0.00362938, 0.202157, 1.20044, 966.649
37800, 0.00362208, 0.219235, 1.18887, 964.656
37900, 0.00384213, 0.264597, 1.0962, 1027.8
38000, 0.00380939, 0.248826, 1.09385, 1019.15
38100, 0.00354496, 0.197244, 1.17202, 944.218
38200, 0.00353522, 0.214318, 1.16223, 941.562
38300, 0.00375463, 0.259205, 1.07289, 1004.37
38400, 0.0037246, 0.24311, 1.06977, 996.432
38500, 0.00346424, 0.192898, 1.1452, 922.695
38600, 0.00344977, 0.208928, 1.13519, 918.727
38700, 0.00366495, 0.253315, 1.04745, 980.421
38800, 0.00364272, 0.239341, 1.04468, 974.637
38900, 0.00338979, 0.18966, 1.11882, 902.915
39000, 0.00337191, 0.203924, 1.10975, 897.936
39100, 0.00358186, 0.246659, 1.02403, 958.073
39200, 0.00355961, 0.231934, 1.02062, 952.345
39300, 0.00331095, 0.183989, 1.09323, 881.953
39400, 0.00328949, 0.198848, 1.08472, 876.003
39500, 0.00349552, 0.242014, 1.00059, 935.046
39600, 0.00348106, 0.229508, 0.997274, 931.405
39700, 0.00324065, 0.181818, 1.06849, 863.223
39800, 0.00321603, 0.194205, 1.06029, 856.36
39900, 0.00341538, 0.23539, 0.977112, 913.51
40000, 0.00340081, 0.222229, 0.972903, 909.928
40100, 0.00316724, 0.176331, 1.04369, 843.759
40200, 0.00314202, 0.189308, 1.03707, 836.683
40300, 0.0033357, 0.230616, 0.955695, 892.206
40400, 0.00332414, 0.219201, 0.950862, 889.405
40500, 0.00309531, 0.173524, 1.01995, 824.549
40600, 0.00306809, 0.185041, 1.01377, 816.97
40700, 0.00325783, 0.225211, 0.933509, 871.374
40800, 0.00324834, 0.213677, 0.927541, 869.178
40900, 0.00302811, 0.169524, 0.996066, 806.726
41000, 0.00300189, 0.180329, 0.991565, 799.31
41100, 0.00318457, 0.219577, 0.91315, 851.712
41200, 0.00317407, 0.209144, 0.906171, 849.256
41300, 0.00295516, 0.165333, 0.972919, 787.263
41400, 0.00292806, 0.176096, 0.969441, 779.691
41500, 0.0031102, 0.21522, 0.893065, 831.883
41600, 0.00310339, 0.205111, 0.885016, 830.405
41700, 0.00289203, 0.16261, 0.950217, 770.466
41800, 0.00286478, 0.171794, 0.947534, 762.751
41900, 0.0030404, 0.209476, 0.872802, 813.136
42000, 0.00303307, 0.200232, 0.864079, 811.577
42100, 0.00282316, 0.158169, 0.927798, 752.141
42200, 0.0027952, 0.167524, 0.926491, 744.277
42300, 0.00297067, 0.205118, 0.854366, 794.521
42400, 0.00296617, 0.196102, 0.844896, 793.692
42500, 0.00276103, 0.155324, 0.906415, 735.574
42600, 0.00273077, 0.163601, 0.905095, 727.033
42700, 0.00290162, 0.200292, 0.834397, 776.028
42800, 0.00290019, 0.192403, 0.824876, 776.083
42900, 0.00269935, 0.152067, 0.885236, 719.186
43000, 0.00266783, 0.159518, 0.885005, 710.28
43100, 0.00283611, 0.19527, 0.816516, 758.465
43200, 0.00283537, 0.187149, 0.806502, 758.713
43300, 0.00263771, 0.148116, 0.864987, 702.767
43400, 0.0026033, 0.155626, 0.864771, 693.071
43500, 0.00276839, 0.191392, 0.797675, 740.382
43600, 0.00277301, 0.184737, 0.78786, 742.091
43700, 0.00258166, 0.146149, 0.845204, 687.857
43800, 0.00254548, 0.152021, 0.845441, 677.635
43900, 0.00270575, 0.186188, 0.779681, 723.552
44000, 0.00271003, 0.179045, 0.7694, 725.216
44100, 0.00252271, 0.141693, 0.825751, 672.196
44200, 0.00248505, 0.148014, 0.826669, 661.562
44300, 0.00264182, 0.182428, 0.762434, 706.484
44400, 0.00265003, 0.176677, 0.752086, 709.187
44500, 0.00246801, 0.139802, 0.807075, 657.61
44600, 0.00242865, 0.144831, 0.808102, 646.503
44700, 0.00258088, 0.177935, 0.744765, 690.136
44800, 0.00258967, 0.171935, 0.733853, 693.046
44900, 0.00241352, 0.136174, 0.788341, 643.155
45000, 0.00237442, 0.140967, 0.790498, 632.074
45100, 0.0025219, 0.173654, 0.728741, 674.349
45200, 0.00253139, 0.168561, 0.717361, 677.433
45300, 0.00235805, 0.133262, 0.770344, 628.35
45400, 0.00231791, 0.137795, 0.772808, 617.025
45500, 0.00246299, 0.170049, 0.712251, 658.604
45600, 0.00247458, 0.165172, 0.700257, 662.267
45700, 0.00230771, 0.130956, 0.752434, 614.979
45800, 0.00226812, 0.134448, 0.755763, 603.738
45900, 0.00240787, 0.165548, 0.696639, 643.813
46000, 0.00241858, 0.161138, 0.6841, 647.26
46100, 0.00225331, 0.127284, 0.734926, 600.485
46200, 0.00221338, 0.131019, 0.738998, 589.195
46300, 0.00235222, 0.162148, 0.681633, 628.962
46400, 0.00236523, 0.158149, 0.668576, 633.009
46500, 0.00220501, 0.125441, 0.717971, 587.623
46600, 0.00216445, 0.128189, 0.72228, 576.112
46700, 0.0022987, 0.158197, 0.666141, 614.61
46800, 0.00231214, 0.15465, 0.652841, 618.81
46900, 0.00215457, 0.122211, 0.701184, 574.21
47000, 0.00211387, 0.124695, 0.706383, 562.673
47100, 0.00224669, 0.154324, 0.65214, 600.703
47200, 0.00226117, 0.150943, 0.63847, 605.165
47300, 0.00210676, 0.119667, 0.685153, 561.464
47400, 0.00206437, 0.121971, 0.690262, 549.449
47500, 0.00219396, 0.151205, 0.637164, 586.595
47600, 0.0022111, 0.148593, 0.623581, 591.8
47700, 0.00206108, 0.117625, 0.669347, 549.321
47800, 0.00201825, 0.118885, 0.675031, 537.169
47900, 0.00214484, 0.147014, 0.623404, 573.421
48000, 0.00216177, 0.144196, 0.609531, 578.583
48100, 0.00201441, 0.114266, 0.654022, 536.897
48200, 0.00197013, 0.115923, 0.659849, 524.353
48300, 0.00209413, 0.144218, 0.609451, 559.881
48400, 0.00211426, 0.142379, 0.59572, 565.898
48500, 0.00197158, 0.112903, 0.63918, 525.494
48600, 0.00192648, 0.113425, 0.645147, 512.704
48700, 0.00204667, 0.140427, 0.595708, 547.144
48800, 0.0020666, 0.138299, 0.581699, 553.142
48900, 0.00192762, 0.109662, 0.624443, 513.815
49000, 0.00188224, 0.110298, 0.630984, 500.942
49100, 0.00199937, 0.137256, 0.582868, 534.503
49200, 0.00202087, 0.135926, 0.568798, 540.905
49300, 0.00188519, 0.107828, 0.610338, 502.499
49400, 0.00183895, 0.108027, 0.61688, 489.397
49500, 0.00195304, 0.134253, 0.56961, 522.095
49600, 0.00197538, 0.132912, 0.555254, 528.746
49700, 0.00184452, 0.105569, 0.596242, 491.698
49800, 0.00179885, 0.105166, 0.603456, 478.72
49900, 0.00190912, 0.130669, 0.557438, 510.33
50000, 0.00193119, 0.129727, 0.542817, 516.905
50100, 0.00180224, 0.102851, 0.582603, 480.426
50200, 0.00175617, 0.102687, 0.590035, 467.367
50300, 0.00186475, 0.128115, 0.54514, 498.475
50400, 0.00188835, 0.127484, 0.53026, 505.458
50500, 0.00176407, 0.101456, 0.569196, 470.27
50600, 0.00171828, 0.100411, 0.576978, 457.255
50700, 0.00182295, 0.124755, 0.533145, 487.267
50800, 0.00184605, 0.124285, 0.51803, 494.132
50900, 0.00172365, 0.0985532, 0.555979, 459.514
51000, 0.00167799, 0.0976646, 0.564263, 446.554
51100, 0.00178142, 0.121965, 0.521836, 476.174
51200, 0.00180556, 0.121821, 0.50653, 483.301
51300, 0.00168647, 0.0970482, 0.543286, 449.603
51400, 0.00164019, 0.0957407, 0.551553, 436.458
51500, 0.00174042, 0.119308, 0.510063, 465.193
51600, 0.00176532, 0.119432, 0.494742, 472.546
51700, 0.00164919, 0.09486, 0.530716, 439.692
51800, 0.00160321, 0.0930627, 0.53949, 426.626
51900, 0.00170155, 0.116043, 0.499339, 454.788
52000, 0.00172646, 0.116227, 0.483869, 462.136
52100, 0.00161253, 0.0925841, 0.518638, 429.92
52200, 0.00156557, 0.091033, 0.52733, 416.588
52300, 0.00166157, 0.113921, 0.48813, 444.1
52400, 0.00168837, 0.114641, 0.472812, 451.961
52500, 0.00157815, 0.0912884, 0.506808, 420.773
52600, 0.00153124, 0.0888414, 0.515729, 407.445
52700, 0.00162452, 0.110683, 0.477523, 434.166
52800, 0.00165086, 0.111222, 0.462066, 441.916
52900, 0.00154296, 0.0886246, 0.495188, 411.411
53000, 0.00149559, 0.0865411, 0.504272, 397.961
53100, 0.00158673, 0.10849, 0.467111, 424.069
53200, 0.00161463, 0.109642, 0.451797, 432.227
53300, 0.00150994, 0.0874882, 0.484023, 402.61
53400, 0.00146225, 0.0847963, 0.493076, 389.07
53500, 0.00155057, 0.105842, 0.456654, 414.381
53600, 0.00157848, 0.106843, 0.441225, 422.557
53700, 0.00147702, 0.0852697, 0.472889, 393.864
53800, 0.00142969, 0.0824394, 0.482326, 380.411
53900, 0.00151545, 0.103187, 0.446963, 404.984
54000, 0.00154364, 0.10459, 0.431531, 413.224
54100, 0.00144426, 0.0835044, 0.462213, 385.125
54200, 0.00139659, 0.0807172, 0.471603, 371.595
54300, 0.00148028, 0.101137, 0.437002, 395.579
54400, 0.00150921, 0.102642, 0.421492, 404.022
54500, 0.00141359, 0.0821241, 0.451616, 376.972
54600, 0.00136656, 0.078707, 0.461322, 363.598
54700, 0.00144731, 0.0983227, 0.427655, 386.745
54800, 0.00147569, 0.0999459, 0.412041, 395.043
54900, 0.00138162, 0.079812, 0.441265, 368.453
55000, 0.00133463, 0.0767354, 0.451116, 355.109
55100, 0.00141401, 0.0963775, 0.418412, 377.847
55200, 0.00144321, 0.0982816, 0.402766, 386.355
55300, 0.00135233, 0.0788288, 0.431217, 360.652
55400, 0.00130552, 0.0751878, 0.44113, 347.343
55500, 0.00138209, 0.09398, 0.40921, 369.298
55600, 0.00141109, 0.0959136, 0.393523, 377.76
55700, 0.0013222, 0.0766946, 0.421255, 352.636
55800, 0.00127584, 0.0730607, 0.431465, 339.459
55900, 0.00135106, 0.0916665, 0.400609, 361
56000, 0.00138024, 0.0937995, 0.384908, 369.499
56100, 0.00129349, 0.0753319, 0.41171, 344.981
56200, 0.00124675, 0.0716613, 0.421806, 331.699
56300, 0.00131973, 0.0898627, 0.391682, 352.621
56400, 0.00134963, 0.0921793, 0.376089, 361.318
56500, 0.00126561, 0.0739043, 0.402275, 337.565
56600, 0.00121942, 0.0697235, 0.412599, 324.43
56700, 0.00129055, 0.0872652, 0.383404, 344.805
56800, 0.00132, 0.089553, 0.367786, 353.381
56900, 0.00123762, 0.0719617, 0.393125, 330.109
57000, 0.00119104, 0.0681425, 0.403391, 316.874
57100, 0.00126042, 0.0857027, 0.374982, 336.753
57200, 0.00129095, 0.0883566, 0.359559, 345.613
57300, 0.00121137, 0.0710524, 0.384247, 323.115
57400, 0.00116507, 0.0666192, 0.394533, 309.955
57500, 0.00123224, 0.0833324, 0.36682, 329.204
57600, 0.00126234, 0.0858336, 0.35137, 337.955
57700, 0.0011848, 0.0690608, 0.375441, 316.05
57800, 0.00113865, 0.064847, 0.385847, 302.931
57900, 0.00120407, 0.0815317, 0.358974, 321.671
58000, 0.00123469, 0.0843825, 0.343677, 330.55
58100, 0.00115924, 0.0680009, 0.367012, 309.232
58200, 0.00111307, 0.0635752, 0.377307, 296.116
58300, 0.00117649, 0.0797044, 0.351021, 314.293
58400, 0.00120719, 0.0824992, 0.335735, 323.197
58500, 0.00113443, 0.0665447, 0.358603, 302.638
58600, 0.0010889, 0.0618711, 0.369092, 289.686
58700, 0.00115026, 0.0775654, 0.343606, 307.27
58800, 0.00118065, 0.0805098, 0.328374, 316.085
58900, 0.00110929, 0.0649446, 0.350493, 295.932
59000, 0.00106375, 0.060512, 0.360921, 282.995
59100, 0.00112365, 0.0760886, 0.336094, 300.157
59200, 0.00115448, 0.0791693, 0.320923, 309.087
59300, 0.00108587, 0.0640534, 0.34253, 289.699
59400, 0.00104095, 0.0591307, 0.353042, 276.919
59500, 0.00109864, 0.0739869, 0.328889, 293.461
59600, 0.00112895, 0.0770466, 0.313729, 302.251
59700, 0.00106172, 0.0622243, 0.334679, 283.268
59800, 0.00101713, 0.0575755, 0.345266, 270.592
59900, 0.00107368, 0.0724278, 0.321886, 286.788
60000, 0.00110423, 0.0756889, 0.306812, 295.631
60100, 0.00103911, 0.0613984, 0.327122, 277.237
60200, 0.000994684, 0.0564869, 0.337628, 264.608
60300, 0.00104925, 0.070751, 0.31483, 280.254
60400, 0.00107975, 0.0740044, 0.299831, 289.085
60500, 0.0010165, 0.059912, 0.319605, 271.224
60600, 0.000972725, 0.0549067, 0.330246, 258.773
60700, 0.001026, 0.0688822, 0.308223, 274.032
60800, 0.0010562, 0.072212, 0.293301, 282.774
60900, 0.000994367, 0.058673, 0.312389, 265.32
61000, 0.000950453, 0.0538245, 0.322898, 252.84
61100, 0.00100215, 0.0675999, 0.301456, 267.659
61200, 0.00103283, 0.0710705, 0.286707, 276.527
61300, 0.000973211, 0.0577239, 0.305302, 259.688
61400, 0.000929945, 0.0524673, 0.315855, 247.383
61500, 0.000980064, 0.0656329, 0.295051, 261.743
61600, 0.00101018, 0.0690201, 0.280352, 270.458
61700, 0.000951884, 0.0561566, 0.298353, 254.009
61800, 0.00090866, 0.051218, 0.308856, 241.721
61900, 0.000957434, 0.0644014, 0.288684, 255.697
62000, 0.000988007, 0.0680214, 0.27419, 264.524
62100, 0.000931662, 0.055421, 0.291662, 248.616
62200, 0.000888802, 0.0501524, 0.302075, 236.433
62300, 0.000935924, 0.0627192, 0.282402, 249.94
62400, 0.000966145, 0.0662284, 0.267965, 258.675
62500, 0.000911553, 0.0540062, 0.284986, 243.268
62600, 0.000869174, 0.0488214, 0.295452, 231.214
62700, 0.000914872, 0.0612476, 0.276426, 244.309
62800, 0.00094502, 0.064914, 0.262148, 253.012
62900, 0.000891781, 0.0530067, 0.2786, 237.991
63000, 0.000849535, 0.0478461, 0.288933, 225.987
63100, 0.000893836, 0.0599582, 0.27038, 238.685
63200, 0.000924028, 0.0636296, 0.2562, 247.401
63300, 0.000872886, 0.0520494, 0.272262, 232.964
63400, 0.000831361, 0.0466486, 0.282642, 221.151
63500, 0.000874077, 0.0583057, 0.264665, 233.396
63600, 0.000903767, 0.0619818, 0.250579, 241.969
63700, 0.000853665, 0.0506955, 0.266088, 227.84
63800, 0.000812364, 0.0455602, 0.276401, 216.102
63900, 0.000854004, 0.0571809, 0.258965, 228.033
64000, 0.000883845, 0.0609762, 0.245013, 236.639
64100, 0.000835651, 0.0500443, 0.26009, 223.038
64200, 0.000794887, 0.0446138, 0.270352, 211.446
64300, 0.000834941, 0.0556626, 0.253396, 222.932
64400, 0.000864347, 0.0593921, 0.23953, 231.421
64500, 0.000817383, 0.0486825, 0.254133, 218.175
64600, 0.000777139, 0.0434167, 0.264411, 206.731
64700, 0.000816213, 0.0544015, 0.248048, 217.924
64800, 0.000845472, 0.0582335, 0.234323, 226.362
64900, 0.000799867, 0.0479226, 0.248431, 213.501
65000, 0.000759808, 0.0426043, 0.258576, 202.114
65100, 0.000797507, 0.0532141, 0.242651, 212.925
65200, 0.000826742, 0.0570449, 0.229065, 221.355
65300, 0.000782728, 0.0469051, 0.242768, 208.94
65400, 0.000743392, 0.0414702, 0.252928, 197.751
65500, 0.000779988, 0.051757, 0.237547, 208.235
65600, 0.000808732, 0.0555757, 0.224077, 216.525
65700, 0.000765719, 0.0458301, 0.237286, 204.403
65800, 0.000726463, 0.0406022, 0.247322, 193.246
65900, 0.000761931, 0.0507977, 0.232401, 203.414
66000, 0.000790892, 0.0547173, 0.219124, 211.755
66100, 0.000749523, 0.0451532, 0.231946, 200.087
66200, 0.000710894, 0.0396713, 0.241919, 189.103
66300, 0.000745124, 0.0493603, 0.227434, 198.914
66400, 0.000773547, 0.0531864, 0.214256, 207.109
66500, 0.000733276, 0.0439561, 0.226661, 195.761
66600, 0.000694959, 0.038692, 0.236581, 184.867
66700, 0.000728145, 0.0483621, 0.222591, 194.377
66800, 0.000756593, 0.0523043, 0.209614, 202.567
66900, 0.000717617, 0.0432977, 0.221608, 191.581
67000, 0.000679664, 0.037915, 0.231396, 180.795
67100, 0.000711665, 0.0471705, 0.217772, 189.971
67200, 0.00073984, 0.0510496, 0.204905, 198.087
67300, 0.000702292, 0.042315, 0.216562, 187.504
67400, 0.000664966, 0.0369449, 0.226334, 176.887
67500, 0.000695867, 0.045998, 0.213181, 185.744
67600, 0.000723692, 0.0499105, 0.200473, 193.756
67700, 0.000687055, 0.0414177, 0.211702, 183.437
67800, 0.000649972, 0.0361688, 0.221344, 172.899
67900, 0.00067989, 0.0450605, 0.20857, 181.477
68000, 0.000707678, 0.0489984, 0.196001, 189.475
68100, 0.00067258, 0.0407609, 0.206917, 179.582
68200, 0.000636173, 0.0353487, 0.216512, 169.228
68300, 0.00066492, 0.0438266, 0.204141, 177.471
68400, 0.000692187, 0.0477102, 0.191695, 185.324
68500, 0.000657911, 0.0396835, 0.202216, 175.672
68600, 0.000621873, 0.0344812, 0.21174, 165.428
68700, 0.000649798, 0.0429396, 0.199798, 173.431
68800, 0.000676969, 0.0468903, 0.187518, 181.248
68900, 0.000643964, 0.0391389, 0.197696, 171.95
69000, 0.000608371, 0.0338061, 0.20711, 161.832
69100, 0.000635186, 0.0418517, 0.195511, 169.524
69200, 0.000662026, 0.0457429, 0.183355, 177.25
69300, 0.000630068, 0.0381588, 0.193192, 168.25
69400, 0.00059509, 0.0329159, 0.202567, 158.304
69500, 0.000621113, 0.0408456, 0.191397, 165.76
69600, 0.000647603, 0.0447608, 0.179399, 173.382
69700, 0.000616544, 0.0374668, 0.188863, 164.64
69800, 0.000581794, 0.0322772, 0.198098, 154.764
69900, 0.000606863, 0.0399905, 0.187262, 161.956
70000, 0.000633298, 0.0439071, 0.175423, 169.559
70100, 0.000603478, 0.0367635, 0.184588, 161.16
70200, 0.000569415, 0.0314922, 0.193764, 151.474
70300, 0.000593607, 0.0388895, 0.183299, 158.407
70400, 0.000619507, 0.0427551, 0.171599, 165.861
70500, 0.000590424, 0.0358783, 0.180418, 157.678
70600, 0.000556599, 0.0307868, 0.189486, 148.066
70700, 0.000579964, 0.0381409, 0.179383, 154.766
70800, 0.00060585, 0.0420565, 0.167877, 162.206
70900, 0.000577915, 0.0353428, 0.176398, 154.342
71000, 0.00054463, 0.0301326, 0.185353, 144.88
71100, 0.000567088, 0.037106, 0.175551, 151.321
71200, 0.000592535, 0.0409459, 0.164164, 158.641
71300, 0.0005655, 0.0344605, 0.172392, 151.035
71400, 0.000532687, 0.0293888, 0.181276, 141.706
71500, 0.000554364, 0.0362981, 0.171838, 147.921