100, 0.172318, 26.9538, 39.7645, 46663.5
200, 0.0956232, 18.2745, 26.5247, 25353.9
300, 0.0704286, 13.7062, 24.085, 18472.5
400, 0.0717461, 10.2108, 21.1367, 19104.6
500, 0.068998, 10.6629, 17.6003, 18375.3
600, 0.0618276, 7.56918, 17.9748, 16320.8
700, 0.0523351, 7.68172, 18.3227, 13864.4
800, 0.0552055, 6.50308, 15.945, 14535
900, 0.0531691, 6.02372, 15.0921, 13953.3
1000, 0.0567822, 5.85801, 10.3557, 15322.3
1100, 0.053847, 4.81535, 10.9332, 14557.7
1200, 0.047799, 4.45504, 12.6155, 12660.2
1300, 0.0437074, 4.51976, 13.229, 11468.2
1400, 0.0380247, 4.08189, 13.9828, 9976.22
1500, 0.0374001, 3.46741, 12.7216, 9971.23
1600, 0.0394753, 3.52575, 11.2574, 10575.2
1700, 0.0368165, 2.80412, 11.7453, 9767.53
1800, 0.0353067, 3.1097, 11.4896, 9381.9
1900, 0.0348769, 2.93117, 11.154, 9204.4
2000, 0.0324191, 2.73512, 11.3124, 8575.4
2100, 0.0334981, 2.54059, 10.489, 8943.46
2200, 0.0349979, 2.68832, 8.93471, 9439.55
2300, 0.0345304, 2.56458, 8.99009, 9287.99
2400, 0.0332041, 2.30144, 9.36275, 8844.44
2500, 0.0312174, 2.49858, 9.51019, 8264.12
2600, 0.0301715, 2.47939, 9.20295, 8009.29
2700, 0.0307453, 2.49927, 8.45723, 8264.2
2800, 0.0298925, 2.23091, 8.51394, 8059.72
2900, 0.0282216, 1.83295, 8.83519, 7531.84
3000, 0.0279763, 2.01909, 8.74415, 7411.52
3100, 0.0275215, 1.93564, 8.84704, 7273.64
3200, 0.0252237, 1.59509, 9.26219, 6689.63
3300, 0.0244341, 1.46745, 9.01123, 6523.41
3400, 0.0257709, 1.65518, 8.17983, 6898.78
3500, 0.0271491, 1.83452, 7.55361, 7270.98
3600, 0.0268244, 1.73047, 7.79818, 7145.4
3700, 0.0260043, 1.74586, 7.85332, 6917.98
3800, 0.0260084, 1.90154, 7.35842, 6951.9
3900, 0.026306, 1.93464, 6.79278, 7083.37
4000, 0.0252783, 1.6367, 7.14838, 6805.01
4100, 0.024342, 1.37931, 7.55194, 6500.13
4200, 0.0242144, 1.53665, 7.43397, 6435.08
4300, 0.0238124, 1.55979, 7.38907, 6326.99
4400, 0.0221102, 1.23598, 7.79529, 5877.77
4500, 0.0211727, 0.999812, 7.93079, 5636.95
4600, 0.0223454, 1.30956, 7.29979, 5969.41
4700, 0.0233724, 1.50394, 6.75325, 6247.89
4800, 0.0229804, 1.31356, 6.93143, 6124.93
4900, 0.0224403, 1.27549, 7.1423, 5977.38
5000, 0.0230782, 1.49062, 6.73138, 6176.46
5100, 0.0234679, 1.57509, 6.20424, 6304.13
5200, 0.0224526, 1.32697, 6.44996, 6019.45
5300, 0.0215289, 1.12839, 6.8708, 5742.83
5400, 0.0220615, 1.34504, 6.73069, 5884.78
5500, 0.0222162, 1.41844, 6.52447, 5932.29
5600, 0.0206199, 1.09989, 6.82784, 5494.18
5700, 0.0196711, 0.862317, 7.04315, 5232.43
5800, 0.0207408, 1.13205, 6.70712, 5534.09
5900, 0.0216516, 1.30491, 6.28845, 5789.51
6000, 0.020876, 1.12619, 6.42896, 5568.28
6100, 0.0200626, 0.990196, 6.63641, 5341.45
6200, 0.0210418, 1.27114, 6.32048, 5624.9
6300, 0.0217682, 1.41507, 5.96435, 5836.56
6400, 0.0206857, 1.17334, 6.16937, 5533.39
6500, 0.0196082, 0.955856, 6.45042, 5226.23
6600, 0.0203551, 1.19066, 6.24953, 5434.55
6700, 0.020988, 1.29613, 6.04086, 5612.89
6800, 0.0198763, 1.0496, 6.27956, 5300.96
6900, 0.0186716, 0.836095, 6.46925, 4964
7000, 0.0194985, 1.11165, 6.16413, 5203.29
7100, 0.0205428, 1.27562, 5.88854, 5500.42
7200, 0.0198476, 1.05056, 6.10782, 5301.39
7300, 0.0188658, 0.90164, 6.25988, 5022.78
7400, 0.0195069, 1.1638, 5.921, 5206.64
7500, 0.0203128, 1.299, 5.64289, 5439.71
7600, 0.0195467, 1.0874, 5.93939, 5227.05
7700, 0.0184309, 0.879506, 6.18769, 4911.37
7800, 0.0189034, 1.09053, 5.91665, 5044.81
7900, 0.0196778, 1.21815, 5.66589, 5261.11
8000, 0.0189586, 0.981463, 5.93728, 5056.65
8100, 0.0179754, 0.804498, 6.13311, 4782.27
8200, 0.0185006, 1.06973, 5.78979, 4938.78
8300, 0.0193602, 1.23112, 5.46195, 5186.22
8400, 0.0189059, 1.05738, 5.7382, 5054.23
8500, 0.0181139, 0.891648, 5.97145, 4824.07
8600, 0.0184931, 1.09605, 5.65195, 4934.24
8700, 0.0190537, 1.2204, 5.31534, 5100.03
8800, 0.0183249, 0.986183, 5.61638, 4899.3
8900, 0.0175065, 0.796267, 5.92446, 4666.43
9000, 0.0179645, 1.02462, 5.67611, 4792.7
9100, 0.0185595, 1.1698, 5.33329, 4959.94
9200, 0.0179065, 0.987173, 5.56051, 4775.54
9300, 0.0171441, 0.816086, 5.823, 4562.45
9400, 0.017689, 1.03679, 5.54835, 4724.55
9500, 0.0183757, 1.18729, 5.16833, 4923.13
9600, 0.0177921, 0.997423, 5.35457, 4756.19
9700, 0.0171277, 0.834968, 5.63926, 4562.09
9800, 0.0176873, 1.03095, 5.4169, 4720.13
9900, 0.0181614, 1.14732, 5.07888, 4861.31
10000, 0.0173162, 0.959044, 5.2772, 4628.27
10100, 0.0164301, 0.779163, 5.58389, 4376.74
10200, 0.0170418, 0.99823, 5.40801, 4547.21
10300, 0.0177147, 1.14573, 5.09803, 4736.44
10400, 0.0169695, 0.959791, 5.23785, 4527.15
10500, 0.0161231, 0.772979, 5.47954, 4290.35
10600, 0.0167971, 0.964465, 5.27525, 4485.01
10700, 0.0175425, 1.09898, 4.95589, 4699.07
10800, 0.0168991, 0.948455, 5.0801, 4516.66
10900, 0.0160127, 0.786984, 5.30567, 4263.25
11000, 0.0165992, 0.987351, 5.11848, 4430.24
11100, 0.0173076, 1.12063, 4.85975, 4634.36
11200, 0.0165685, 0.940418, 5.02235, 4428.65
11300, 0.0155495, 0.758612, 5.25575, 4140.41
11400, 0.016058, 0.946177, 5.07287, 4283
11500, 0.0168209, 1.07746, 4.82287, 4499.36
11600, 0.0162378, 0.922285, 4.98254, 4335.69
11700, 0.0152699, 0.741207, 5.17956, 4063.69
11800, 0.0157404, 0.920768, 4.96452, 4200.47
11900, 0.0165776, 1.05859, 4.69778, 4438.65
12000, 0.0160957, 0.899326, 4.85312, 4301.72
12100, 0.0151869, 0.750241, 5.04462, 4043.91
12200, 0.0155397, 0.935395, 4.82352, 4146.15
12300, 0.0162581, 1.06624, 4.56371, 4353.12
12400, 0.0157931, 0.921748, 4.76642, 4222.7
12500, 0.0148859, 0.748256, 4.99457, 3964.4
12600, 0.0151515, 0.896398, 4.78944, 4040.47
12700, 0.0158321, 1.01694, 4.51624, 4234.81
12800, 0.0153822, 0.852269, 4.69816, 4109.01
12900, 0.0145671, 0.696013, 4.92243, 3879.01
13000, 0.0148727, 0.876387, 4.70724, 3967.81
13100, 0.0155515, 1.01796, 4.40118, 4162.24
13200, 0.0151874, 0.89382, 4.56905, 4058.88
13300, 0.0144418, 0.739248, 4.80327, 3845.99
13400, 0.0147015, 0.882653, 4.60299, 3922.37
13500, 0.01528, 1.00296, 4.29542, 4090.17
13600, 0.0148281, 0.850102, 4.46012, 3964.17
13700, 0.0141077, 0.691605, 4.72605, 3758.27
13800, 0.0144192, 0.843543, 4.56064, 3845.86
13900, 0.0149646, 0.969196, 4.2532, 4002.84
14000, 0.0144895, 0.843223, 4.38611, 3870.46
14100, 0.0137475, 0.6905, 4.63528, 3660.31
14200, 0.0140967, 0.844713, 4.47573, 3761.31
14300, 0.0147037, 0.97649, 4.16828, 3935.59
14400, 0.0142546, 0.84329, 4.27383, 3809.46
14500, 0.0135535, 0.685894, 4.52071, 3609.36
14600, 0.0139364, 0.817848, 4.37969, 3717.95
14700, 0.014493, 0.933536, 4.08842, 3879.08
14800, 0.0139806, 0.815093, 4.18689, 3736.81
14900, 0.0131839, 0.664178, 4.42691, 3510.9
15000, 0.0135625, 0.813088, 4.30411, 3618.23
15100, 0.0141953, 0.941325, 4.03988, 3798.66
15200, 0.0137153, 0.816269, 4.12517, 3664.35
15300, 0.0129142, 0.659144, 4.34137, 3437.78
15400, 0.013286, 0.787038, 4.21035, 3543.9
15500, 0.0139324, 0.904722, 3.95157, 3729.47
15600, 0.0135037, 0.796776, 4.0377, 3609.61
15700, 0.0126834, 0.645257, 4.24188, 3376.97
15800, 0.0130109, 0.777407, 4.11457, 3470.35
15900, 0.0136799, 0.898923, 3.87658, 3661.34
16000, 0.0132615, 0.781389, 3.96951, 3544.63
16100, 0.0124192, 0.63601, 4.1648, 3306.74
16200, 0.0126852, 0.764466, 4.02995, 3382.9
16300, 0.0133497, 0.883658, 3.79361, 3572.81
16400, 0.013016, 0.781947, 3.89879, 3479.16
16500, 0.0122119, 0.629959, 4.09099, 3251.17
16600, 0.0124293, 0.74136, 3.95122, 3314.28
16700, 0.0130837, 0.855366, 3.71086, 3501.46
16800, 0.0127668, 0.743415, 3.81447, 3413.01
16900, 0.0119953, 0.60959, 4.00756, 3194.62
17000, 0.0121746, 0.736408, 3.86622, 3246.52
17100, 0.0127904, 0.857261, 3.62037, 3423.03
17200, 0.0125203, 0.763525, 3.73439, 3347.34
17300, 0.011786, 0.618496, 3.93778, 3138.69
17400, 0.0119276, 0.716882, 3.80133, 3180.3
17500, 0.0125057, 0.825297, 3.54626, 3346.21
17600, 0.0122281, 0.717785, 3.64909, 3268.94
17700, 0.0115477, 0.584523, 3.86054, 3075.72
17800, 0.0117099, 0.699571, 3.73366, 3122.46
17900, 0.0122548, 0.817326, 3.47181, 3279.11
18000, 0.0119846, 0.730691, 3.56522, 3203.7
18100, 0.0113147, 0.595052, 3.77827, 3013.25
18200, 0.0114706, 0.694658, 3.66081, 3058.86
18300, 0.0119993, 0.804667, 3.399, 3211.08
18400, 0.0117134, 0.705812, 3.47952, 3131.61
18500, 0.0110793, 0.569477, 3.69996, 2950.94
18600, 0.0112719, 0.66686, 3.59891, 3005.42
18700, 0.0117741, 0.776288, 3.34062, 3150.05
18800, 0.0114646, 0.69399, 3.40516, 3064.31
18900, 0.0107986, 0.563347, 3.61582, 2875.58
19000, 0.011001, 0.666687, 3.52363, 2933.91
19100, 0.0115394, 0.779904, 3.27665, 3088.26
19200, 0.0112442, 0.691767, 3.3294, 3005.96
19300, 0.0105945, 0.556762, 3.53349, 2821.22
19400, 0.0108061, 0.642528, 3.448, 2881.23
19500, 0.0113254, 0.746026, 3.21026, 3030.75
19600, 0.0110197, 0.668762, 3.25881, 2946.2
19700, 0.0103306, 0.5392, 3.45387, 2751
19800, 0.0105318, 0.635915, 3.37592, 2808.31
19900, 0.011091, 0.746124, 3.15514, 2967.92
20000, 0.0108078, 0.664906, 3.19979, 2889.11
20100, 0.0101175, 0.535617, 3.38138, 2693.82
20200, 0.0102939, 0.619345, 3.29829, 2744.42
20300, 0.0108493, 0.7229, 3.08193, 2903.71
20400, 0.0106064, 0.651942, 3.13172, 2836.14
20500, 0.00992078, 0.522915, 3.30829, 2641.68
20600, 0.0100666, 0.604728, 3.22712, 2683.49
20700, 0.0106253, 0.708032, 3.01966, 2843.12
20800, 0.0103905, 0.63122, 3.07105, 2778.1
20900, 0.00970705, 0.510984, 3.24196, 2584.94
21000, 0.00981746, 0.595878, 3.15637, 2616.98
21100, 0.0103663, 0.700865, 2.9482, 2774.09
21200, 0.010186, 0.635593, 3.00657, 2723.82
21300, 0.00953756, 0.509517, 3.17795, 2539.75
21400, 0.00961957, 0.578147, 3.09183, 2563.92
21500, 0.0101459, 0.675559, 2.88072, 2714.72
21600, 0.00996454, 0.602931, 2.93611, 2664.66
21700, 0.0093417, 0.489236, 3.11039, 2488.22
21800, 0.00941149, 0.570212, 3.02775, 2508.63
21900, 0.0099125, 0.673766, 2.8147, 2652.31
22000, 0.00975496, 0.613504, 2.87127, 2608.58
22100, 0.0091553, 0.493523, 3.04822, 2438.29
22200, 0.00921078, 0.557161, 2.96906, 2455.04
22300, 0.00969045, 0.652051, 2.75238, 2592.81
22400, 0.00952809, 0.584055, 2.8005, 2548.05
22500, 0.00896415, 0.470747, 2.98224, 2387.78
22600, 0.00903636, 0.541267, 2.9124, 2408.48
22700, 0.00948979, 0.639956, 2.69628, 2538.82
22800, 0.00932007, 0.583832, 2.73686, 2492.05
22900, 0.00875113, 0.47004, 2.91588, 2330.66
23000, 0.00882372, 0.535554, 2.8524, 2352.09
23100, 0.00928098, 0.63151, 2.64013, 2483.4
23200, 0.00911441, 0.56999, 2.67167, 2437.38
23300, 0.00857175, 0.456271, 2.85026, 2283.02
23400, 0.00866196, 0.51564, 2.79487, 2308.55
23500, 0.00909932, 0.608543, 2.58734, 2434.37
23600, 0.00891823, 0.556221, 2.61121, 2384.69
23700, 0.00835317, 0.446478, 2.78284, 2224.64
23800, 0.00844395, 0.511989, 2.73382, 2250.85
23900, 0.00890476, 0.60792, 2.53689, 2382.76
24000, 0.00873746, 0.552851, 2.55533, 2336.51
24100, 0.00818285, 0.442089, 2.71964, 2179.18
24200, 0.00826944, 0.495372, 2.67191, 2203.86
24300, 0.00871869, 0.58496, 2.48054, 2332.91
24400, 0.00855799, 0.536786, 2.49832, 2288.82
24500, 0.00799231, 0.428858, 2.65696, 2128.55
24600, 0.00806723, 0.486864, 2.61344, 2150.01
24700, 0.00853101, 0.578766, 2.43246, 2282.51
24800, 0.00838171, 0.528, 2.4492, 2241.43
24900, 0.00781798, 0.422994, 2.59984, 2081.97
25000, 0.00787149, 0.475525, 2.55316, 2097.58
25100, 0.00832929, 0.564868, 2.37478, 2228.8
25200, 0.00821218, 0.521085, 2.39543, 2196.6
25300, 0.00766435, 0.414983, 2.54362, 2041.19
25400, 0.00769956, 0.462381, 2.49795, 2051.5
25500, 0.00814941, 0.548862, 2.32314, 2180.19
25600, 0.00803409, 0.501382, 2.34336, 2148.75
25700, 0.00749456, 0.402852, 2.48906, 1996.16
25800, 0.00751124, 0.455049, 2.44272, 2001.39
25900, 0.00795039, 0.544155, 2.26828, 2127.18
26000, 0.00786635, 0.504475, 2.2914, 2104.13
26100, 0.00735205, 0.402204, 2.43697, 1958.16
26200, 0.00735468, 0.442474, 2.39108, 1959.47
26300, 0.00777495, 0.525019, 2.2151, 2079.98
26400, 0.00768784, 0.480964, 2.23492, 2056.44
26500, 0.00719404, 0.3864, 2.38273, 1916.47
26600, 0.00719517, 0.433909, 2.34149, 1917.07
26700, 0.00759676, 0.520028, 2.16651, 2032.26
26800, 0.00751797, 0.483479, 2.18471, 2010.85
26900, 0.00703483, 0.38601, 2.33163, 1873.81
27000, 0.00703092, 0.424683, 2.29298, 1873.32
27100, 0.00742317, 0.505912, 2.11799, 1985.92
27200, 0.0073453, 0.46577, 2.13035, 1964.87
27300, 0.00688721, 0.372217, 2.27861, 1834.73
27400, 0.00689408, 0.411943, 2.2463, 1836.7
27500, 0.00726689, 0.493459, 2.07414, 1943.81
27600, 0.00718027, 0.459634, 2.08156, 1920.45
27700, 0.00671514, 0.366536, 2.22613, 1788.68
27800, 0.00672245, 0.40604, 2.19815, 1791.21
27900, 0.00710246, 0.487219, 2.03102, 1900.15
28000, 0.00702384, 0.451527, 2.03322, 1878.83
28100, 0.00657677, 0.359413, 2.17465, 1751.86
28200, 0.00658982, 0.392708, 2.1501, 1755.53
28300, 0.00695554, 0.470397, 1.98697, 1860.61
28400, 0.00687145, 0.439641, 1.98584, 1838.04
28500, 0.00641428, 0.349856, 2.12259, 1708.59
28600, 0.00642472, 0.387123, 2.10236, 1711.77
28700, 0.00680204, 0.466454, 1.94726, 1819.71
28800, 0.00672735, 0.434556, 1.94375, 1799.51
28900, 0.00627738, 0.345904, 2.07449, 1672.03
29000, 0.00627962, 0.376262, 2.05381, 1672.8
29100, 0.00664873, 0.451997, 1.90221, 1778.71
29200, 0.00658544, 0.424474, 1.89933, 1761.81
29300, 0.00613844, 0.336943, 2.02671, 1635.15
29400, 0.00613216, 0.36776, 2.00852, 1633.48
29500, 0.00650261, 0.443101, 1.86296, 1739.4
29600, 0.00644355, 0.413887, 1.85956, 1723.68
29700, 0.00600023, 0.329847, 1.98223, 1598.3
29800, 0.00597958, 0.359584, 1.96264, 1592.73
29900, 0.00634416, 0.434674, 1.81908, 1697.2
30000, 0.00630782, 0.41033, 1.81789, 1687.67
30100, 0.00588122, 0.325403, 1.9388, 1566.67
30200, 0.00585075, 0.349695, 1.91972, 1558.22
30300, 0.00620439, 0.421115, 1.7778, 1659.48
30400, 0.00616695, 0.394451, 1.77555, 1649.87
30500, 0.00574963, 0.314871, 1.89552, 1531.8
30600, 0.00571078, 0.343036, 1.87769, 1521.03
30700, 0.00605464, 0.416547, 1.73731, 1619.55
30800, 0.00603321, 0.394856, 1.73576, 1614.19
30900, 0.00563163, 0.313499, 1.85447, 1500.29
31000, 0.00558638, 0.334435, 1.83712, 1487.78
31100, 0.00591773, 0.4034, 1.69656, 1582.81
31200, 0.00589542, 0.379535, 1.69227, 1577.4
31300, 0.00551039, 0.302817, 1.81196, 1468.24
31400, 0.00546699, 0.326695, 1.79854, 1456
31500, 0.00578394, 0.396771, 1.66028, 1546.92
31600, 0.00576239, 0.376997, 1.65413, 1541.66
31700, 0.00538134, 0.299277, 1.77163, 1433.7
31800, 0.00533613, 0.319698, 1.76009, 1421.2
31900, 0.00564981, 0.387629, 1.62361, 1511.17
32000, 0.00563228, 0.366719, 1.61382, 1507.02
32100, 0.00526914, 0.2917, 1.73054, 1403.94
32200, 0.00522965, 0.310556, 1.72254, 1392.68
32300, 0.0055292, 0.376994, 1.589, 1478.69
32400, 0.00550553, 0.359177, 1.5764, 1472.95
32500, 0.00513827, 0.284733, 1.68991, 1369
32600, 0.00509856, 0.304707, 1.68494, 1357.94
32700, 0.00540296, 0.371539, 1.55615, 1445.12
32800, 0.00538626, 0.353453, 1.54086, 1441.16
32900, 0.00503094, 0.280691, 1.65076, 1340.4
33000, 0.00499117, 0.296218, 1.64688, 1329.1
33100, 0.00528546, 0.360181, 1.52104, 1413.57
33200, 0.00526886, 0.344739, 1.50456, 1409.8
33300, 0.00491235, 0.273112, 1.61143, 1308.88
33400, 0.00487007, 0.290163, 1.61037, 1296.95
33500, 0.00516773, 0.354387, 1.49012, 1382.09
33600, 0.00515581, 0.338448, 1.47259, 1379.51
33700, 0.00480439, 0.268814, 1.57503, 1280.05
33800, 0.00475461, 0.282918, 1.5733, 1266.03
33900, 0.00504628, 0.345553, 1.4555, 1349.66
34000, 0.00504528, 0.332547, 1.43876, 1350.14
34100, 0.00470213, 0.263382, 1.53898, 1252.91
34200, 0.0046475, 0.275881, 1.53858, 1237.44
34300, 0.00493481, 0.336732, 1.4243, 1319.64
34400, 0.00493428, 0.322548, 1.4071, 1320.31
34500, 0.00459547, 0.256367, 1.50457, 1224.51
34600, 0.00453255, 0.269551, 1.50401, 1206.81
34700, 0.00481444, 0.331005, 1.39171, 1287.58
34800, 0.00482804, 0.320147, 1.37559, 1292.06
34900, 0.00450247, 0.253699, 1.47134, 1199.76
35000, 0.00443478, 0.262735, 1.47089, 1180.65
35100, 0.00470698, 0.320914, 1.35963, 1258.64
35200, 0.00471941, 0.308709, 1.34246, 1262.95
35300, 0.00440281, 0.245706, 1.43773, 1173.35
35400, 0.00433219, 0.256837, 1.43902, 1153.4
35500, 0.00459585, 0.315994, 1.3299, 1228.96
35600, 0.00461511, 0.306692, 1.31261, 1235.05
35700, 0.00430742, 0.243194, 1.40602, 1147.87
35800, 0.00423398, 0.250834, 1.40763, 1127.2
35900, 0.00449014, 0.307405, 1.29926, 1200.65
36000, 0.00451055, 0.297348, 1.2801, 1207.14
36100, 0.00421609, 0.236757, 1.37341, 1123.69
36200, 0.00414504, 0.244689, 1.37766, 1103.5
36300, 0.00439016, 0.300698, 1.27172, 1173.8
36400, 0.00440866, 0.292584, 1.25118, 1179.77
36500, 0.00411585, 0.231844, 1.34218, 1096.9
36600, 0.00404413, 0.23904, 1.34781, 1076.69
36700, 0.00428802, 0.294444, 1.24424, 1146.59
36800, 0.00431079, 0.286413, 1.22171, 1153.69
36900, 0.00403053, 0.227876, 1.31101, 1074.23
37000, 0.00396123, 0.233021, 1.31826, 1054.49
37100, 0.00419497, 0.286393, 1.21709, 1121.56
37200, 0.00421452, 0.279728, 1.19318, 1127.86
37300, 0.00393373, 0.221572, 1.28007, 1048.44
37400, 0.00386423, 0.227559, 1.28941, 1028.77
37500, 0.00409961, 0.281181, 1.19215, 1096.16
37600, 0.00412333, 0.274768, 1.16701, 1103.51
37700, 0.00385015, 0.218536, 1.2507, 1026.15
37800, 0.00377861, 0.222159, 1.2601, 1005.82
37900, 0.00400697, 0.273906, 1.16501, 1071.33
38000, 0.00403332, 0.269019, 1.13962, 1079.48
38100, 0.00376378, 0.213326, 1.22127, 1003.2
38200, 0.00369098, 0.216761, 1.23237, 982.529
38300, 0.00391813, 0.267733, 1.14099, 1047.52
38400, 0.00394578, 0.262502, 1.11514, 1056.01
38500, 0.00368002, 0.208806, 1.19372, 980.858
38600, 0.00360195, 0.211596, 1.20438, 958.748
38700, 0.00382453, 0.262177, 1.11498, 1022.54
38800, 0.00386053, 0.258995, 1.08979, 1033.32
38900, 0.00360352, 0.205696, 1.16663, 960.535
39000, 0.00352328, 0.206462, 1.17783, 937.748
39100, 0.00374005, 0.254854, 1.09055, 999.804
39200, 0.00377512, 0.250826, 1.06498, 1010.4
39300, 0.00352273, 0.199704, 1.14018, 939.051
39400, 0.00343849, 0.201352, 1.15181, 915.194
39500, 0.00365028, 0.250313, 1.06653, 975.872
39600, 0.00369298, 0.248415, 1.04149, 988.489
39700, 0.00344962, 0.197537, 1.11494, 919.57
39800, 0.00336325, 0.196772, 1.12643, 895.093
39900, 0.00356781, 0.243378, 1.04208, 953.708
40000, 0.00361013, 0.240828, 1.01628, 966.31
40100, 0.00337495, 0.192129, 1.08924, 899.772
40200, 0.00328839, 0.191916, 1.1022, 875.196
40300, 0.00348576, 0.238436, 1.01998, 931.763
40400, 0.00352999, 0.237361, 0.99392, 944.838
40500, 0.0032997, 0.18879, 1.06497, 879.674
40600, 0.00321198, 0.187465, 1.07811, 854.844
40700, 0.0034049, 0.232844, 0.997113, 910.144
40800, 0.00345105, 0.231811, 0.969995, 923.77
40900, 0.00323097, 0.185261, 1.04029, 861.442
41000, 0.00314528, 0.183091, 1.05489, 837.055
41100, 0.0033299, 0.227067, 0.975935, 890.004
41200, 0.00337379, 0.226754, 0.948023, 903.028
41300, 0.00315516, 0.180322, 1.01637, 841.215
41400, 0.00306945, 0.178383, 1.03196, 816.927
41500, 0.00325302, 0.222362, 0.955353, 869.515
41600, 0.0032999, 0.222551, 0.926528, 883.311
41700, 0.00308967, 0.178015, 0.992989, 823.784
41800, 0.00300464, 0.174586, 1.00908, 799.581
41900, 0.00318106, 0.216739, 0.934273, 850.191
42000, 0.00322683, 0.217491, 0.904929, 863.739
42100, 0.00301866, 0.173171, 0.969657, 804.89
42200, 0.00293399, 0.169888, 0.987106, 780.838
42300, 0.00310972, 0.211833, 0.915271, 831.14
42400, 0.00315707, 0.212832, 0.885464, 845.071
42500, 0.00295366, 0.170285, 0.947669, 787.547
42600, 0.00286685, 0.166242, 0.964831, 762.882
42700, 0.00303769, 0.207232, 0.894647, 811.866
42800, 0.00308817, 0.209234, 0.865014, 826.685
42900, 0.00289008, 0.167052, 0.925712, 770.657
43000, 0.00280325, 0.162053, 0.94373, 745.962
43100, 0.00297098, 0.201699, 0.875969, 793.971
43200, 0.00302096, 0.203346, 0.846157, 808.656
43300, 0.00282598, 0.162775, 0.904793, 753.573
43400, 0.00273614, 0.158096, 0.922636, 728.076
43500, 0.00290019, 0.197871, 0.856587, 775.083
43600, 0.00295552, 0.200927, 0.827316, 791.211
43700, 0.0027677, 0.160854, 0.88446, 738.07
43800, 0.00267723, 0.154622, 0.902344, 712.356
43900, 0.00283595, 0.192414, 0.837668, 757.815
44000, 0.00289022, 0.194894, 0.808178, 773.703
44100, 0.00270701, 0.156296, 0.864253, 721.941
44200, 0.00261528, 0.150519, 0.882684, 695.893
44300, 0.00276958, 0.188472, 0.819858, 740.1
44400, 0.00282715, 0.192166, 0.790688, 756.842
44500, 0.00264959, 0.154055, 0.845143, 706.625
44600, 0.00255703, 0.147326, 0.863304, 680.352
44700, 0.00270631, 0.183885, 0.801395, 723.132
44800, 0.00276413, 0.1874, 0.77183, 739.985
44900, 0.00259358, 0.150742, 0.825682, 691.762
45000, 0.00250209, 0.143667, 0.844789, 665.742
45100, 0.0026456, 0.179413, 0.784679, 706.877
45200, 0.00270305, 0.183497, 0.754961, 723.607
45300, 0.0025354, 0.147162, 0.807141, 676.234
45400, 0.00244364, 0.140149, 0.82636, 650.196
45500, 0.0025843, 0.1756, 0.7676, 690.502
45600, 0.00264339, 0.180064, 0.737441, 707.675
45700, 0.00248318, 0.14527, 0.788606, 662.357
45800, 0.00239294, 0.13728, 0.808421, 636.669
45900, 0.00252753, 0.171132, 0.751208, 675.268
46000, 0.00258485, 0.175714, 0.720723, 691.976
46100, 0.00242654, 0.14108, 0.770388, 647.264
46200, 0.00233686, 0.133394, 0.790878, 621.789
46300, 0.00247007, 0.1673, 0.735692, 659.939
46400, 0.00252876, 0.17237, 0.704945, 676.984
46500, 0.00237581, 0.139302, 0.752918, 633.744
46600, 0.00228609, 0.130938, 0.773345, 608.22
46700, 0.00241436, 0.163544, 0.719495, 645.006
46800, 0.0024731, 0.168869, 0.688702, 662.091
46900, 0.00232347, 0.135976, 0.73541, 619.823
47000, 0.00223474, 0.127247, 0.756596, 594.588
47100, 0.00236113, 0.159207, 0.704874, 630.769
47200, 0.00241975, 0.164605, 0.67402, 647.795
47300, 0.00227318, 0.133126, 0.718863, 606.407
47400, 0.00218298, 0.124538, 0.739708, 580.772
47500, 0.00230586, 0.156187, 0.689317, 615.999
47600, 0.00236703, 0.162301, 0.658813, 633.721
47700, 0.0022256, 0.131198, 0.702469, 593.754
47800, 0.00213611, 0.121606, 0.723594, 568.298
47900, 0.00225557, 0.15176, 0.67477, 602.506
48000, 0.00231556, 0.157509, 0.644265, 619.92
48100, 0.0021769, 0.127565, 0.686546, 580.787
48200, 0.00208623, 0.118453, 0.707643, 555.025
48300, 0.00220262, 0.14881, 0.660299, 588.375
48400, 0.0022654, 0.155456, 0.630277, 606.522
48500, 0.00213185, 0.126062, 0.671279, 568.785
48600, 0.00204126, 0.11613, 0.692143, 543.033
48700, 0.00215345, 0.145004, 0.645769, 575.179
48800, 0.00221547, 0.151305, 0.615698, 593.148
48900, 0.00208621, 0.12291, 0.655923, 556.657
49000, 0.00199598, 0.11298, 0.677201, 531.004
49100, 0.00210445, 0.141561, 0.632365, 562.087
49200, 0.00216724, 0.148426, 0.602573, 580.232
49300, 0.00204139, 0.120545, 0.641416, 544.697
49400, 0.00195101, 0.110572, 0.662396, 519.024
49500, 0.00205606, 0.13852, 0.618451, 549.133
49600, 0.00211927, 0.145471, 0.588572, 567.405
49700, 0.00199903, 0.118645, 0.626754, 533.442
49800, 0.00191013, 0.108046, 0.648181, 508.147
49900, 0.00201077, 0.134835, 0.605604, 537.001
50000, 0.00207281, 0.141852, 0.575731, 554.944
50100, 0.0019546, 0.115342, 0.612594, 521.591
50200, 0.00186604, 0.105171, 0.634079, 496.432
50300, 0.0019646, 0.132025, 0.592772, 524.671
50400, 0.00202751, 0.139463, 0.562874, 542.836
50500, 0.00191441, 0.114158, 0.598716, 510.892
50600, 0.00182692, 0.103339, 0.620271, 485.997
50700, 0.00192118, 0.128803, 0.580083, 513.035
50800, 0.00198296, 0.136133, 0.550165, 530.901
50900, 0.00187212, 0.110987, 0.584904, 499.633
51000, 0.0017857, 0.100275, 0.606847, 475.063
51100, 0.00187837, 0.125597, 0.568251, 501.602
51200, 0.00194023, 0.133231, 0.538425, 519.461
51300, 0.0018327, 0.109291, 0.571797, 489.116
51400, 0.00174612, 0.0985212, 0.59345, 464.498
51500, 0.00183537, 0.123105, 0.555871, 490.094
51600, 0.00189767, 0.130899, 0.526251, 508.081
51700, 0.00179364, 0.107166, 0.558678, 478.726
51800, 0.00170844, 0.0958698, 0.580641, 454.488
51900, 0.0017955, 0.119537, 0.544519, 479.42
52000, 0.00185682, 0.127238, 0.515036, 497.13
52100, 0.00175492, 0.104525, 0.546146, 468.399
52200, 0.00166907, 0.0936872, 0.567814, 444
52300, 0.00175355, 0.117381, 0.532786, 468.216
52400, 0.00181643, 0.125586, 0.503731, 486.336
52500, 0.00171865, 0.103278, 0.533882, 458.743
52600, 0.00163381, 0.0917493, 0.555477, 434.612
52700, 0.00171529, 0.114107, 0.521471, 457.957
52800, 0.00177697, 0.121981, 0.492528, 475.762
52900, 0.00168172, 0.100467, 0.521752, 448.915
53000, 0.00159695, 0.0892667, 0.543347, 424.817
53100, 0.00167592, 0.111667, 0.510555, 447.446
53200, 0.00173858, 0.120038, 0.482067, 465.487
53300, 0.00164665, 0.0990369, 0.510239, 439.56
53400, 0.00156226, 0.0876175, 0.531492, 415.573
53500, 0.00163813, 0.109093, 0.49944, 437.324
53600, 0.0017003, 0.117293, 0.471056, 455.243
53700, 0.0016121, 0.0970022, 0.498617, 430.373
53800, 0.00152885, 0.0853523, 0.520072, 406.696
53900, 0.00160178, 0.106205, 0.489195, 427.601
54000, 0.00166345, 0.114558, 0.461094, 445.364
54100, 0.00157733, 0.094694, 0.487567, 421.093
54200, 0.00149436, 0.0833992, 0.508741, 397.52
54300, 0.00156494, 0.104095, 0.478678, 417.753
54400, 0.00162684, 0.112633, 0.450717, 435.574
54500, 0.00154492, 0.0935807, 0.476543, 412.469
54600, 0.00146341, 0.0817559, 0.497799, 389.281
54700, 0.00153076, 0.10128, 0.468709, 408.599
54800, 0.00159142, 0.109653, 0.440875, 426.078
54900, 0.00151116, 0.0908563, 0.465729, 403.473
55000, 0.00143045, 0.0794427, 0.48698, 380.532
55100, 0.00149617, 0.0990624, 0.458964, 399.362
55200, 0.00155692, 0.107756, 0.431349, 416.844
55300, 0.00147996, 0.0898733, 0.455318, 395.152
55400, 0.00140001, 0.0782023, 0.476375, 372.415
55500, 0.00146273, 0.096829, 0.449165, 390.412
55600, 0.0015228, 0.105369, 0.421715, 407.712
55700, 0.00144816, 0.0876537, 0.444884, 386.688
55800, 0.00136959, 0.0759348, 0.466089, 364.342
55900, 0.00143076, 0.0941867, 0.440045, 381.865
56000, 0.00149014, 0.102835, 0.412848, 398.957
56100, 0.00141751, 0.0859808, 0.434993, 378.507
56200, 0.00133895, 0.0745252, 0.455851, 356.179
56300, 0.00139775, 0.0924694, 0.430595, 373.045
56400, 0.0014575, 0.101247, 0.40373, 390.23
56500, 0.00138794, 0.0846439, 0.42515, 370.636
56600, 0.00131086, 0.0727502, 0.446016, 348.712
56700, 0.00136766, 0.0897307, 0.421724, 364.988
56800, 0.00142619, 0.0983114, 0.395079, 381.836
56900, 0.00135824, 0.0823975, 0.415602, 362.718
57000, 0.00128123, 0.070963, 0.436227, 340.83
57100, 0.00133609, 0.0880443, 0.412819, 356.559
57200, 0.00139524, 0.0969521, 0.386631, 373.556
57300, 0.00133022, 0.0814255, 0.406393, 355.247
57400, 0.0012542, 0.069665, 0.426771, 333.635
57500, 0.00130671, 0.0857434, 0.404048, 348.689
57600, 0.00136485, 0.0943798, 0.378052, 365.418
57700, 0.00130209, 0.0793984, 0.397176, 347.761
57800, 0.00122687, 0.0677913, 0.417511, 326.376
57900, 0.00127743, 0.0836943, 0.395722, 340.866
58000, 0.00133545, 0.0925407, 0.370145, 357.541
58100, 0.00127474, 0.0779742, 0.38845, 340.456
58200, 0.00120004, 0.0665036, 0.408425, 319.234
58300, 0.00124841, 0.0819409, 0.387219, 333.107
58400, 0.00130606, 0.090732, 0.361861, 349.678
58500, 0.00124835, 0.076702, 0.379667, 333.437
58600, 0.00117506, 0.0649732, 0.399648, 312.593
58700, 0.00122122, 0.0796597, 0.379279, 325.834
58800, 0.00127791, 0.0883664, 0.354205, 342.128
58900, 0.00122155, 0.0746528, 0.371212, 326.284
59000, 0.00114883, 0.0633623, 0.390947, 305.623
59100, 0.00119334, 0.0780857, 0.371277, 318.387
59200, 0.00124992, 0.0869805, 0.346486, 334.639
59300, 0.00119647, 0.0738861, 0.362928, 319.598
59400, 0.001125, 0.0622874, 0.382527, 299.276
59500, 0.00116722, 0.0760498, 0.363528, 311.396
59600, 0.00122274, 0.0847028, 0.338942, 327.357
59700, 0.00117078, 0.0718131, 0.354693, 312.755
59800, 0.00110038, 0.0605019, 0.374224, 292.745
59900, 0.00114133, 0.0742417, 0.356059, 304.48
60000, 0.00119639, 0.0830769, 0.331795, 320.296
60100, 0.00114644, 0.0708419, 0.346849, 306.256
60200, 0.00107666, 0.0595568, 0.366077, 286.425
60300, 0.00111556, 0.0726992, 0.348493, 297.593
60400, 0.00117018, 0.081413, 0.324496, 313.284
60500, 0.00112233, 0.0693619, 0.338968, 299.837
60600, 0.00105401, 0.057983, 0.358168, 280.412
60700, 0.00109157, 0.0706202, 0.341391, 291.176
60800, 0.00114517, 0.0792833, 0.317696, 306.577
60900, 0.00109858, 0.0678103, 0.331448, 293.496
61000, 0.00103051, 0.0567876, 0.350324, 274.159
61100, 0.00106642, 0.0693451, 0.334162, 284.462
61200, 0.00112011, 0.0781201, 0.310856, 299.874
61300, 0.00107586, 0.0669031, 0.324059, 287.441
61400, 0.00100916, 0.0556248, 0.34277, 268.479
61500, 0.00104344, 0.0673531, 0.327234, 278.313
61600, 0.00109598, 0.0758883, 0.304179, 293.407
61700, 0.00105306, 0.0651298, 0.316779, 281.365
61800, 0.000986915, 0.0541964, 0.335281, 262.569
61900, 0.00101979, 0.0659606, 0.320426, 271.998
62000, 0.00107228, 0.0746748, 0.297806, 287.059
62100, 0.00103126, 0.0642395, 0.309829, 275.542
62200, 0.000966007, 0.0532638, 0.328016, 257.004
62300, 0.000997154, 0.0643763, 0.313632, 265.944
62400, 0.00104884, 0.0728965, 0.291257, 280.788
62500, 0.00100974, 0.0628516, 0.302828, 269.814
62600, 0.000945612, 0.0519239, 0.320912, 251.587
62700, 0.000975309, 0.062716, 0.307202, 260.106
62800, 0.00102635, 0.0712438, 0.285201, 274.753
62900, 0.000988452, 0.061503, 0.296176, 264.127
63000, 0.000924915, 0.050856, 0.313934, 246.083
63100, 0.000953108, 0.0614611, 0.30069, 254.176
63200, 0.00100375, 0.0700024, 0.27898, 268.709
63300, 0.000968085, 0.0606688, 0.289558, 258.702
63400, 0.000905902, 0.0498463, 0.307185, 241.027
63500, 0.000932516, 0.0597531, 0.294506, 248.669
63600, 0.000982137, 0.0680967, 0.273073, 262.913
63700, 0.000947463, 0.0589915, 0.283087, 253.2
63800, 0.000886041, 0.0485434, 0.300496, 235.753
63900, 0.000911514, 0.0585096, 0.288374, 243.062
64000, 0.000960746, 0.0669889, 0.267276, 257.185
64100, 0.000927935, 0.0583364, 0.276844, 247.987
64200, 0.000867537, 0.0477951, 0.294008, 230.826
64300, 0.000891435, 0.0570776, 0.282339, 237.695
64400, 0.000939828, 0.0653344, 0.261493, 251.585
64500, 0.000908331, 0.0568527, 0.270578, 242.765
64600, 0.000849112, 0.0464879, 0.287621, 225.937
64700, 0.000872037, 0.0556297, 0.276558, 232.512
64800, 0.000919674, 0.0639253, 0.256052, 246.179
64900, 0.000889351, 0.0558889, 0.264634, 237.692
65000, 0.000830677, 0.045692, 0.281364, 221.028
65100, 0.000852221, 0.0545208, 0.270727, 227.223
65200, 0.000899478, 0.0627517, 0.250535, 240.779
65300, 0.00087084, 0.0548938, 0.2587, 232.76
65400, 0.000813549, 0.0446394, 0.275287, 216.479
65500, 0.00083404, 0.05296, 0.265179, 222.36
65600, 0.000880251, 0.0610417, 0.245285, 235.621
65700, 0.000852474, 0.0535624, 0.252959, 227.857
65800, 0.000795649, 0.0436281, 0.269266, 211.72
65900, 0.000815018, 0.0519519, 0.259627, 217.286
66000, 0.000861044, 0.0601119, 0.240115, 230.481
66100, 0.00083488, 0.052859, 0.247391, 223.161
66200, 0.000779214, 0.0428522, 0.263451, 207.348
66300, 0.000797379, 0.0505514, 0.254211, 212.568
66400, 0.000842427, 0.0584913, 0.234961, 225.495
66500, 0.000817367, 0.0515436, 0.241835, 218.494
66600, 0.000762518, 0.0417614, 0.257703, 202.914
66700, 0.000779681, 0.0494083, 0.248965, 207.844
66800, 0.000824281, 0.0573919, 0.230104, 220.629
66900, 0.000800355, 0.050691, 0.236566, 213.946
67000, 0.000746262, 0.0410234, 0.252125, 198.588
67100, 0.000762225, 0.0482941, 0.243719, 203.181
67200, 0.000806171, 0.0561642, 0.225131, 215.786
67300, 0.000783744, 0.0497442, 0.231276, 209.522
67400, 0.00073084, 0.0400997, 0.246675, 194.492
67500, 0.000745785, 0.0470073, 0.238724, 198.787
67600, 0.000788912, 0.0547648, 0.22046, 211.154
67700, 0.000767239, 0.0485595, 0.226185, 205.111
67800, 0.000714965, 0.0392029, 0.241305, 190.272
67900, 0.000728915, 0.0460627, 0.233715, 194.286
68000, 0.000771595, 0.0538505, 0.21576, 206.522
68100, 0.000751446, 0.0479486, 0.221189, 200.899
68200, 0.00070034, 0.0385338, 0.236102, 186.383
68300, 0.000713212, 0.0448319, 0.228876, 190.089
68400, 0.000754973, 0.0524063, 0.211187, 202.067
68500, 0.000735598, 0.0466643, 0.216235, 196.671
68600, 0.000685343, 0.0375225, 0.230952, 182.402
68700, 0.000697427, 0.043837, 0.224148, 185.877
68800, 0.000738612, 0.0514585, 0.206795, 197.681
68900, 0.000720346, 0.0460353, 0.211521, 192.594
69000, 0.000670888, 0.0369361, 0.225969, 178.553
69100, 0.000681927, 0.0428177, 0.21947, 181.737
69200, 0.00072245, 0.0502804, 0.202385, 193.357
69300, 0.000705254, 0.0449957, 0.206783, 188.572
69400, 0.000656963, 0.0360193, 0.221067, 174.857
69500, 0.000667307, 0.0416953, 0.214976, 177.831
69600, 0.000706999, 0.0490933, 0.198203, 189.211
69700, 0.000690504, 0.0441018, 0.202252, 184.628
69800, 0.000642745, 0.0353254, 0.216252, 171.074
69900, 0.000652196, 0.0408663, 0.210469, 173.802
70000, 0.000691508, 0.0482308, 0.194008, 185.069
70100, 0.000676232, 0.0434002, 0.197772, 180.823
70200, 0.000629666, 0.0346367, 0.211569, 167.599
70300, 0.000638351, 0.0397386, 0.206118, 170.1
70400, 0.000676712, 0.0469283, 0.189933, 181.101
70500, 0.000662058, 0.0423335, 0.193378, 177.038
70600, 0.000616092, 0.0338118, 0.206943, 163.992
70700, 0.000624021, 0.038923, 0.201842, 166.28
70800, 0.000661992, 0.0461295, 0.186009, 177.159
70900, 0.000648342, 0.0417199, 0.189183, 173.373
71000, 0.000603284, 0.0332423, 0.202488, 160.583
71100, 0.00061038, 0.0379361, 0.197639, 162.635
71200, 0.000647569, 0.0449784, 0.182061, 173.297
71300, 0.0006348, 0.0407703, 0.184972, 169.762
71400, 0.000590666, 0.0324457, 0.198084, 157.233
71500, 0.000597103, 0.0370232, 0.193577, 159.09
71600, 0.000633684, 0.0440161, 0.178327, 169.572
71700, 0.000621581, 0.0399854, 0.18095, 166.227
71800, 0.000578102, 0.0318287, 0.193787, 153.891
71900, 0.000583757, 0.0362227, 0.189513, 155.531
72000, 0.000619786, 0.043148, 0.174531, 165.856
72100, 0.00060876, 0.0393252, 0.176942, 162.809
72200, 0.00056636, 0.0312126, 0.189589, 150.772
72300, 0.000571336, 0.0352656, 0.185605, 152.212
72400, 0.000606545, 0.0420383, 0.170905, 162.304
72500, 0.000595995, 0.0383508, 0.173041, 159.397
72600, 0.000554233, 0.0304753, 0.185461, 147.55
72700, 0.000558553, 0.0345287, 0.181754, 148.804
72800, 0.000593257, 0.0413021, 0.167355, 158.747
72900, 0.000583662, 0.0378383, 0.169289, 156.103
73000, 0.000542816, 0.0299872, 0.18148, 144.511
73100, 0.000546445, 0.0336453, 0.177998, 145.57
73200, 0.000580405, 0.0402442, 0.163844, 155.304
73300, 0.00057142, 0.0368902, 0.165527, 152.836
73400, 0.000531463, 0.0292387, 0.177528, 141.498
73500, 0.000534596, 0.032859, 0.174333, 142.408
73600, 0.000567925, 0.0394332, 0.160478, 151.958
73700, 0.000559585, 0.0362936, 0.161936, 149.671
73800, 0.000520272, 0.0287455, 0.173682, 138.519
73900, 0.000522747, 0.0321304, 0.170691, 139.249
74000, 0.000555536, 0.0385927, 0.15709, 148.645
74100, 0.000547989, 0.0355715, 0.158343, 146.579
74200, 0.000509707, 0.0281306, 0.169908, 135.714
74300, 0.000511706, 0.0312906, 0.167177, 136.3
74400, 0.000543686, 0.0376432, 0.153857, 145.465
74500, 0.000536538, 0.0347941, 0.154888, 143.516
74600, 0.000498774, 0.0275303, 0.16622, 132.806
74700, 0.000500195, 0.0306441, 0.163717, 133.232
74800, 0.000531764, 0.0369588, 0.150688, 142.275
74900, 0.00052542, 0.0342489, 0.151536, 140.547
75000, 0.000488602, 0.0270469, 0.162649, 130.1
75100, 0.000489529, 0.0298363, 0.160339, 130.382
75200, 0.00052033, 0.035998, 0.147548, 139.21
75300, 0.00051446, 0.0334322, 0.148193, 137.62
75400, 0.000478338, 0.026411, 0.159098, 127.375
75500, 0.000478813, 0.0291826, 0.157024, 127.526
75600, 0.000509138, 0.0353133, 0.144531, 136.212
75700, 0.000503863, 0.0328838, 0.144992, 134.787
75800, 0.000468452, 0.0259635, 0.155657, 124.745
75900, 0.000468384, 0.028495, 0.153744, 124.745
76000, 0.000498078, 0.0345009, 0.141485, 133.253
76100, 0.00049344, 0.0322149, 0.141793, 132.007
76200, 0.000458889, 0.0254096, 0.152279, 122.205
76300, 0.000458401, 0.0277891, 0.150587, 122.08
76400, 0.000487433, 0.0337038, 0.138611, 130.396
76500, 0.000483143, 0.0315216, 0.138739, 129.251
76600, 0.000449157, 0.0248784, 0.148999, 119.616
76700, 0.000448167, 0.027185, 0.147478, 119.352
76800, 0.000476713, 0.0330442, 0.135754, 127.529
76900, 0.000473148, 0.0310209, 0.135747, 126.583
77000, 0.000440051, 0.0244421, 0.145804, 117.194
77100, 0.000438676, 0.0264849, 0.144447, 116.817
77200, 0.000466538, 0.0322013, 0.13295, 124.8
77300, 0.000463306, 0.0302621, 0.132766, 123.952
77400, 0.000430883, 0.0238713, 0.142624, 114.76
77500, 0.000429132, 0.0259109, 0.141453, 114.275
77600, 0.000456482, 0.0315996, 0.130222, 122.109
77700, 0.000453813, 0.0298126, 0.129903, 121.415
77800, 0.000422089, 0.023494, 0.139548, 112.42
77900, 0.000419902, 0.0252941, 0.138518, 111.814
78000, 0.00044664, 0.0308394, 0.127507, 119.474
78100, 0.000444397, 0.0291378, 0.12705, 118.902
78200, 0.000413461, 0.0229644, 0.136527, 110.13
78300, 0.000410968, 0.0246808, 0.135688, 109.429
78400, 0.000437065, 0.0301639, 0.124944, 116.905
78500, 0.000435144, 0.0285822, 0.124349, 116.424
78600, 0.00040474, 0.0225227, 0.133608, 107.807
78700, 0.000401843, 0.0241318, 0.132906, 106.997
78800, 0.000427501, 0.0295305, 0.122392, 114.347
78900, 0.000426146, 0.0280538, 0.12167, 114.022
79000, 0.000396602, 0.022096, 0.130738, 105.645
79100, 0.000393462, 0.0235185, 0.130176, 104.76
79200, 0.000418455, 0.0288027, 0.119882, 111.92
79300, 0.000417356, 0.0274261, 0.119022, 111.672
79400, 0.000388369, 0.0216169, 0.127888, 103.458
79500, 0.000384903, 0.0230192, 0.127477, 102.482
79600, 0.000409468, 0.0282593, 0.117437, 109.517
79700, 0.000408845, 0.0269836, 0.116466, 109.398
79800, 0.000380567, 0.0212647, 0.125137, 101.382
79900, 0.000376772, 0.0224615, 0.124843, 100.313
80000, 0.000400698, 0.0275637, 0.115014, 107.168
80100, 0.000400383, 0.0263842, 0.113943, 107.138
80200, 0.000372739, 0.020792, 0.122445, 99.3025
80300, 0.000368684, 0.0219345, 0.122308, 98.1562
80400, 0.000392097, 0.0269824, 0.112738, 104.861
80500, 0.000392079, 0.0258792, 0.111557, 104.914
80600, 0.000365006, 0.0203993, 0.11985, 97.2431
80700, 0.00036063, 0.021428, 0.119809, 96.0083
80800, 0.000383567, 0.0263828, 0.110442, 102.579
80900, 0.000384024, 0.0253916, 0.109167, 102.764
81000, 0.000357711, 0.0200108, 0.117278, 95.305
81100, 0.000353158, 0.0209055, 0.117353, 94.0161
81200, 0.000375526, 0.0257591, 0.108197, 100.423
81300, 0.000376174, 0.0248297, 0.106813, 100.663
81400, 0.000350405, 0.0195916, 0.114734, 93.3644
81500, 0.00034557, 0.0204565, 0.114923, 91.9971
81600, 0.000367475, 0.0252604, 0.105995, 98.2704
81700, 0.000368541, 0.0244353, 0.104537, 98.6251
81800, 0.000343434, 0.0192761, 0.112285, 91.5102
81900, 0.000338349, 0.0199665, 0.112574, 90.0707
82000, 0.000359665, 0.0246329, 0.103846, 96.1765
82100, 0.000360917, 0.0238665, 0.102307, 96.5857
82200, 0.000336389, 0.0188393, 0.109895, 89.6376
82300, 0.00033111, 0.0194997, 0.110309, 88.1407
82400, 0.000351931, 0.0241259, 0.101814, 94.1036
82500, 0.000353471, 0.0234429, 0.100196, 94.592
82600, 0.000329511, 0.0185027, 0.107588, 87.8051
82700, 0.000324003, 0.019046, 0.108073, 86.246
82800, 0.000344384, 0.0235659, 0.09976, 92.0839
82900, 0.000346265, 0.0229588, 0.0980539, 92.6684
83000, 0.000323008, 0.0181381, 0.105278, 86.0787
83100, 0.000317403, 0.0185983, 0.105862, 84.4879
83200, 0.000337239, 0.0230375, 0.0977482, 90.1694
83300, 0.000339271, 0.0224986, 0.0959658, 90.7968
83400, 0.000316493, 0.0177854, 0.103011, 84.3474
83500, 0.00031066, 0.018197, 0.103684, 82.6946
83600, 0.00033007, 0.0225712, 0.0957841, 88.2531
83700, 0.000332416, 0.0221011, 0.0939434, 88.9661
83800, 0.000310267, 0.0174842, 0.100833, 82.6915
83900, 0.000304263, 0.0177649, 0.101593, 80.9874
84000, 0.000323103, 0.0220161, 0.0938849, 86.3838
84100, 0.000325569, 0.0216082, 0.0919899, 87.1326
84200, 0.000303899, 0.0170947, 0.0987181, 80.997
84300, 0.000297754, 0.0173479, 0.0995732, 79.2529
84400, 0.000316191, 0.0215599, 0.0920807, 84.5324
84500, 0.000318917, 0.0212095, 0.0901212, 85.3517
84600, 0.000297832, 0.0167934, 0.0966629, 79.3814
84700, 0.000291537, 0.0169465, 0.0975641, 77.5954
84800, 0.000309531, 0.0210539, 0.0902343, 82.7496
84900, 0.000312516, 0.0207787, 0.0882105, 83.6431
85000, 0.000292029, 0.0164683, 0.0945934, 77.8414
85100, 0.000285674, 0.0165657, 0.0955735, 76.0362
85200, 0.000303203, 0.0205996, 0.0884355, 81.0555
85300, 0.000306298, 0.0203687, 0.0863615, 81.9793
85400, 0.000286276, 0.0161626, 0.0925798, 76.3124
85500, 0.000279727, 0.0162057, 0.0936264, 74.4538
85600, 0.000296804, 0.0201696, 0.0866836, 79.3447
85700, 0.000300145, 0.0200028, 0.0845792, 80.3354
85800, 0.00028068, 0.015881, 0.0906584, 74.8231
85900, 0.000274011, 0.0158247, 0.0917769, 72.9287
86000, 0.00029059, 0.0196744, 0.0850162, 77.6763
86100, 0.000293998, 0.0195477, 0.0828733, 78.6875
86200, 0.000274983, 0.0155269, 0.0887967, 73.3062
86300, 0.000268224, 0.015448, 0.0899794, 71.3863
86400, 0.00028442, 0.0192647, 0.0834057, 76.0246
86500, 0.000288075, 0.0191982, 0.0812177, 77.1027
86600, 0.000269633, 0.0152635, 0.0869664, 71.8825
86700, 0.0002628, 0.0151014, 0.0881771, 69.9418
86800, 0.000278591, 0.0188123, 0.081749, 74.4644
86900, 0.000282412, 0.0187961, 0.079507, 75.5907
87000, 0.000264507, 0.0149727, 0.0851131, 70.5229
87100, 0.000257645, 0.0147776, 0.0863879, 68.5728
87200, 0.000272986, 0.0184238, 0.0801394, 72.9654
87300, 0.000276886, 0.0184532, 0.0778761, 74.1122
87400, 0.0002594, 0.01471, 0.0833341, 69.165
87500, 0.000252391, 0.0144545, 0.0846623, 67.1743
87600, 0.000267299, 0.018023, 0.0785962, 71.4437
87700, 0.00027135, 0.0180906, 0.0763146, 72.6319
87800, 0.000254372, 0.0144385, 0.0816486, 67.8259
87900, 0.000247296, 0.014116, 0.0830355, 65.8142
88000, 0.000261749, 0.0175859, 0.0771398, 69.953
88100, 0.000265848, 0.0176959, 0.0748358, 71.1557
88200, 0.000249274, 0.0141223, 0.0800137, 66.4672
88300, 0.00024217, 0.0137757, 0.0814381, 64.4486
88400, 0.000256306, 0.0172122, 0.0757049, 68.4968
88500, 0.000260613, 0.0173668, 0.0733616, 69.7558
88600, 0.000244606, 0.013891, 0.0783758, 65.2268
88700, 0.000237489, 0.0134856, 0.0798141, 63.2037
88800, 0.000251231, 0.0168224, 0.0742146, 67.1393
88900, 0.000255641, 0.0170217, 0.0718368, 68.4287
89000, 0.000240078, 0.0136377, 0.0767208, 64.0262
89100, 0.000232948, 0.0132071, 0.0782121, 61.9992
89200, 0.000246286, 0.0164794, 0.0727858, 65.8179
89300, 0.000250732, 0.0167088, 0.0704093, 67.1149
89400, 0.000235557, 0.0134042, 0.0751625, 62.8233
89500, 0.000228308, 0.012917, 0.0766947, 60.7627
89600, 0.000241211, 0.0161126, 0.0714388, 64.458
89700, 0.00024575, 0.0163727, 0.0690631, 65.7809
89800, 0.000231015, 0.0131435, 0.0736999, 61.6119
89900, 0.000223742, 0.0126102, 0.0752738, 59.5438
90000, 0.000236275, 0.015719, 0.0701733, 63.1318
90100, 0.000240855, 0.0160119, 0.0677818, 64.4671
90200, 0.000226522, 0.0128632, 0.0722646, 60.4144
90300, 0.000219274, 0.0123115, 0.0738479, 58.3542
90400, 0.000231512, 0.0153894, 0.0688817, 61.8593
90500, 0.000236278, 0.0157258, 0.0664632, 63.2443
90600, 0.000222479, 0.0126667, 0.0707951, 59.3422
90700, 0.000215263, 0.0120738, 0.0723836, 57.2901
90800, 0.000227136, 0.0150541, 0.0675427, 60.6898
90900, 0.000231933, 0.0154162, 0.0651057, 62.0851
91000, 0.000218514, 0.0124454, 0.0693278, 58.2909
91100, 0.00021128, 0.0118335, 0.0709614, 56.2343
91200, 0.000222751, 0.0147503, 0.0662858, 59.518
91300, 0.000227548, 0.0151403, 0.0638757, 60.9106
91400, 0.000214469, 0.0122309, 0.067984, 57.2131
91500, 0.000207156, 0.0115659, 0.0696493, 55.1333
91600, 0.000218222, 0.0144085, 0.065131, 58.3027
91700, 0.000223059, 0.0148128, 0.0627278, 59.7062
91800, 0.000210387, 0.0119798, 0.0667252, 56.123
91900, 0.000203099, 0.0112894, 0.0684123, 54.0503
92000, 0.000213858, 0.01406, 0.0640281, 57.1303
92100, 0.000218749, 0.0145013, 0.0616128, 58.5501
92200, 0.000206472, 0.0117385, 0.0654568, 55.0799
92300, 0.000199271, 0.0110349, 0.0671316, 53.0331
92400, 0.000209776, 0.0137726, 0.0628577, 56.0417
92500, 0.000214802, 0.0142452, 0.0604213, 57.497
92600, 0.000203021, 0.0115768, 0.064132, 54.1674
92700, 0.000195875, 0.010848, 0.065811, 52.1346
92800, 0.000206014, 0.0134917, 0.0616607, 55.0376
92900, 0.000211011, 0.0139807, 0.0592289, 56.4854
93000, 0.000199522, 0.0113796, 0.0628489, 53.2387
93100, 0.00019235, 0.0106314, 0.0645693, 51.1998
93200, 0.000202113, 0.0132102, 0.0605802, 53.9938
93300, 0.000207065, 0.0137168, 0.0581923, 55.4271
93400, 0.000195883, 0.0111751, 0.0617118, 52.2667
93500, 0.00018867, 0.0103825, 0.0634517, 50.2148
93600, 0.000198062, 0.0128964, 0.0596038, 52.9051
93700, 0.00020304, 0.0134135, 0.0572273, 54.3452
93800, 0.000192234, 0.0109365, 0.0606319, 51.2915
93900, 0.000185103, 0.0101337, 0.0623703, 49.2635
94000, 0.000194275, 0.0125873, 0.0586324, 51.8889
94100, 0.00019932, 0.0131391, 0.056241, 53.3487
94200, 0.000188913, 0.0107394, 0.0594972, 50.4087
94300, 0.00018191, 0.00993299, 0.0612063, 48.4179
94400, 0.000190836, 0.0123508, 0.0575604, 50.9743
94500, 0.000195964, 0.012927, 0.0551635, 52.4551
94600, 0.000185984, 0.0106085, 0.0583075, 49.6361
94700, 0.000179034, 0.00978361, 0.0600261, 47.6589
94800, 0.000187599, 0.0121087, 0.0565074, 50.1107
94900, 0.000192633, 0.0126854, 0.0541381, 51.5653
95000, 0.000182875, 0.010426, 0.0572132, 48.8092
95100, 0.000175881, 0.00958283, 0.058968, 46.8206
95200, 0.00018408, 0.0118448, 0.0556026, 49.1671
95300, 0.000189053, 0.012438, 0.0532913, 50.6028
95400, 0.000179572, 0.0102249, 0.0562725, 47.9245
95500, 0.000172593, 0.00934587, 0.0580301, 45.9389
95600, 0.000180492, 0.0115542, 0.0547827, 48.2013
95700, 0.00018549, 0.012152, 0.0524761, 49.6439
95800, 0.000176389, 0.0100076, 0.0553376, 47.0739
95900, 0.000169547, 0.00913471, 0.0570699, 45.1282
96000, 0.000177282, 0.0112932, 0.0539064, 47.3424
96100, 0.000182357, 0.0119281, 0.0515847, 48.8075
96200, 0.00017364, 0.00985633, 0.054309, 46.346
96300, 0.000166952, 0.00898662, 0.0560062, 44.4451
96400, 0.000174445, 0.0111017, 0.0529256, 46.5903
96500, 0.000179523, 0.0117467, 0.0506155, 48.0541
96600, 0.000171152, 0.00974931, 0.0532554, 45.6911
96700, 0.000164493, 0.00886372, 0.0549727, 43.7964
96800, 0.00017161, 0.0108895, 0.0520263, 45.8335
96900, 0.000176547, 0.0115256, 0.0497677, 47.2569
97000, 0.00016833, 0.00956902, 0.0523548, 44.9369
97100, 0.000161626, 0.00866574, 0.0541004, 43.0313
97200, 0.000168423, 0.0106328, 0.0512938, 44.9758
97300, 0.000173293, 0.0112831, 0.0490932, 46.3797
97400, 0.000165352, 0.00937342, 0.0515858, 44.1372
97500, 0.000158731, 0.00844667, 0.0533128, 42.2537
97600, 0.000165301, 0.0103738, 0.0505963, 44.1355
97700, 0.000170218, 0.0110299, 0.0483911, 45.5525
97800, 0.000162657, 0.00918593, 0.0507572, 43.4191
97900, 0.000156225, 0.00827877, 0.0524401, 41.5903
98000, 0.000162682, 0.0101618, 0.0497868, 43.4383
98100, 0.000167659, 0.0108503, 0.0475686, 44.8727
98200, 0.000160447, 0.00908107, 0.0498185, 42.8373
98300, 0.000154159, 0.00818171, 0.051471, 41.05
98400, 0.000160348, 0.0100118, 0.0489022, 42.8215
98500, 0.00016525, 0.0106981, 0.0467216, 44.2321
98600, 0.000158282, 0.00898312, 0.0489142, 42.2663
98700, 0.000151988, 0.00806483, 0.0505973, 40.4757
98800, 0.000157809, 0.00981164, 0.0481681, 42.1413
98900, 0.000162537, 0.01048, 0.0460554, 43.5023
99000, 0.000155686, 0.00879989, 0.0482045, 41.5691
99100, 0.000149364, 0.00786827, 0.0499, 39.7717
99200, 0.000154921, 0.00956495, 0.0475881, 41.3614
99300, 0.000159611, 0.0102519, 0.0455249, 42.7121
99400, 0.000153049, 0.00861426, 0.0475723, 40.8601
99500, 0.000146888, 0.00767264, 0.0492252, 39.1077
99600, 0.000152303, 0.00934137, 0.0469729, 40.6587
99700, 0.000157058, 0.0100335, 0.0448935, 42.0268
99800, 0.000150877, 0.00846824, 0.0468155, 40.2847
99900, 0.000144928, 0.00755771, 0.0484144, 38.5932
100000, 0.00015024, 0.00918374, 0.046213, 40.1133
100100, 0.000155016, 0.00990141, 0.0441333, 41.4878
100200, 0.000149117, 0.0083998, 0.0459678, 39.8237
100300, 0.000143276, 0.00749594, 0.0475504, 38.1639
100400, 0.000148293, 0.00905879, 0.0454423, 39.5991
100500, 0.000152911, 0.0097604, 0.0434255, 40.9267
100600, 0.000147165, 0.00829895, 0.0452282, 39.3065
100700, 0.000141289, 0.00737267, 0.0468467, 37.6346
100800, 0.000145954, 0.00886304, 0.0448757, 38.9697
100900, 0.000150403, 0.00954455, 0.0429335, 40.2485
101000, 0.000144765, 0.00810971, 0.0446916, 38.6584
101100, 0.000138908, 0.00717731, 0.0463005, 36.9933
101200, 0.000143394, 0.00862823, 0.0444159, 38.2765
101300, 0.000147843, 0.00933308, 0.0425036, 39.5568
101400, 0.000142522, 0.00794673, 0.0441523, 38.0558
101500, 0.000136896, 0.00701971, 0.0456978, 36.4562
101600, 0.000141304, 0.00845139, 0.0438467, 37.7187
101700, 0.000145822, 0.00916094, 0.0419133, 39.0174
101800, 0.000140854, 0.0078447, 0.0434456, 37.6185
101900, 0.000135435, 0.00695475, 0.0449398, 36.078
102000, 0.000139727, 0.00834103, 0.0431389, 37.306
102100, 0.000144202, 0.00906344, 0.0412238, 38.5919
102200, 0.000139429, 0.00780111, 0.0427028, 37.2463
102300, 0.000134062, 0.0069126, 0.0441987, 35.7213
102400, 0.000138034, 0.00822791, 0.0425023, 36.8566
102500, 0.000142293, 0.00892514, 0.0406722, 38.0801
102600, 0.000137598, 0.00768427, 0.0421354, 36.7569
102700, 0.00013219, 0.00677112, 0.0436632, 35.2182
102800, 0.000135861, 0.00802926, 0.0420906, 36.2687
102900, 0.000139982, 0.00870805, 0.0403281, 37.4521
103000, 0.000135419, 0.00749724, 0.041738, 36.1664
103100, 0.000130092, 0.0065889, 0.0432301, 34.6522
103200, 0.00013367, 0.00781846, 0.0417094, 35.6757
103300, 0.000137839, 0.00852658, 0.039956, 36.8742
103400, 0.000133609, 0.00736567, 0.0412515, 35.6823
103500, 0.000128563, 0.00647685, 0.0426678, 34.2482
103600, 0.000132106, 0.007691, 0.0411634, 35.2626
103700, 0.000136319, 0.00839917, 0.039392, 36.4724
103800, 0.000132392, 0.00730732, 0.0405912, 35.3677
103900, 0.000127509, 0.00645529, 0.0419688, 33.9801
104000, 0.000130897, 0.0076194, 0.0405229, 34.949
104100, 0.000134999, 0.00832638, 0.0387943, 36.1262
104200, 0.000131172, 0.00727014, 0.0399728, 35.0478
104300, 0.000126289, 0.00641164, 0.0413678, 33.6606
104400, 0.000129353, 0.00750157, 0.0400325, 34.5357
104500, 0.000133211, 0.00817867, 0.0384003, 35.6431
104600, 0.000129424, 0.00713466, 0.0395695, 34.5763
104700, 0.000124518, 0.00625366, 0.0409827, 33.1807
104800, 0.00012735, 0.00730456, 0.039747, 33.9914
104900, 0.000131127, 0.0079695, 0.0381658, 35.0751
105000, 0.000127512, 0.00695892, 0.0392686, 34.0577
105100, 0.000122759, 0.00609535, 0.0406224, 32.7069
105200, 0.00012558, 0.00712663, 0.0394063, 33.5139
105300, 0.000129433, 0.00782381, 0.0378152, 34.6208
105400, 0.000126151, 0.00686782, 0.0388075, 33.6971
105500, 0.000121692, 0.00603486, 0.0400834, 32.4305
105600, 0.000124485, 0.00704985, 0.0388778, 33.2299
105700, 0.00012834, 0.00773993, 0.0372818, 34.3356
105800, 0.000125282, 0.00684209, 0.0382042, 33.4764
105900, 0.000120927, 0.00603942, 0.0394607, 32.2387
106000, 0.000123525, 0.00700023, 0.0383258, 32.9814
106100, 0.000127203, 0.00767483, 0.0367946, 34.0358
106200, 0.000124166, 0.00679849, 0.0377232, 33.1806
106300, 0.000119771, 0.00598188, 0.0390061, 31.9317
106400, 0.000122064, 0.00687042, 0.0379796, 32.5863
106500, 0.000125508, 0.00751676, 0.0365448, 33.5744
106600, 0.000122503, 0.0066451, 0.0374603, 32.7283
106700, 0.000118128, 0.00581276, 0.0387415, 31.4843
106800, 0.000120275, 0.00668114, 0.0377839, 32.0992
106900, 0.000123699, 0.00732295, 0.0363773, 33.0808
107000, 0.000120911, 0.0064944, 0.037215, 32.2974
107100, 0.000116747, 0.00569185, 0.038419, 31.1144
107200, 0.000118942, 0.00654633, 0.0374567, 31.7422
107300, 0.000122453, 0.00721969, 0.0360297, 32.7502
107400, 0.000119968, 0.00644333, 0.0367678, 32.0517
107500, 0.000116079, 0.00567756, 0.037902, 30.9476
107600, 0.000118233, 0.00651194, 0.0369537, 31.5634
107700, 0.000121687, 0.00716897, 0.0355401, 32.5534
107800, 0.000119339, 0.00643916, 0.036238, 31.8945
107900, 0.000115486, 0.00569271, 0.0373725, 30.7993
108000, 0.000117409, 0.00647061, 0.0365065, 31.3488
108100, 0.000120646, 0.00710075, 0.0351747, 32.2758
108200, 0.000118262, 0.00637773, 0.0358958, 31.6049
108300, 0.000114352, 0.00561254, 0.037058, 30.494
108400, 0.000116015, 0.006325, 0.0362888, 30.9684
108500, 0.000119052, 0.0069332, 0.0350423, 31.8396
108600, 0.000116719, 0.00621573, 0.0357417, 31.1831
108700, 0.000112883, 0.00544539, 0.0368798, 30.0929
108800, 0.000114484, 0.00615461, 0.0361478, 30.5512
108900, 0.000117559, 0.00676566, 0.0349076, 31.4325
109000, 0.000115475, 0.00609793, 0.0355213, 30.8483
109100, 0.00011189, 0.00536746, 0.0365733, 29.8299
109200, 0.000113572, 0.00606574, 0.0358212, 30.3113
109300, 0.000116724, 0.0067035, 0.0345571, 31.2152
109400, 0.000114893, 0.00608447, 0.0350894, 30.7017
109500, 0.000111537, 0.00539144, 0.0360858, 29.7489
109600, 0.000113148, 0.00606425, 0.0353571, 30.2091
109700, 0.000116187, 0.00667659, 0.0341275, 31.0791
109800, 0.000114409, 0.00608746, 0.0346469, 30.5807
109900, 0.000111029, 0.00540123, 0.0356613, 29.6197
110000, 0.00011239, 0.00601794, 0.0350219, 30.0086
110100, 0.00011519, 0.0065955, 0.0338824, 30.8098
110200, 0.000113346, 0.00600539, 0.0344343, 30.2913
110300, 0.000109911, 0.00529909, 0.0354712, 29.3153
110400, 0.000111071, 0.0058603, 0.0349107, 29.646
110500, 0.000113724, 0.0064255, 0.0338393, 30.4067
110600, 0.000111961, 0.00584326, 0.0343578, 29.9113
110700, 0.000108658, 0.00514458, 0.0353502, 28.973
110800, 0.000109831, 0.00571668, 0.034798, 29.309
110900, 0.000112566, 0.00629049, 0.0337132, 30.0925
111000, 0.000111071, 0.00576494, 0.0341432, 29.6745
111100, 0.000108034, 0.00511256, 0.0350477, 28.8119
111200, 0.000109301, 0.00567446, 0.0344685, 29.1747
111300, 0.000112089, 0.00626696, 0.0333635, 29.9736
111400, 0.000110783, 0.00578098, 0.0337328, 29.6077
111500, 0.000107915, 0.00516217, 0.0345997, 28.7937
111600, 0.000109077, 0.00569315, 0.034056, 29.125
111700, 0.000111699, 0.00625246, 0.0330047, 29.8754
111800, 0.000110373, 0.00578152, 0.0333859, 29.5037
111900, 0.000107431, 0.0051571, 0.0342847, 28.6672
112000, 0.000108338, 0.00563421, 0.0338331, 28.9261
112100, 0.000110722, 0.00615457, 0.0328741, 29.6079
112200, 0.000109318, 0.00567745, 0.0332895, 29.2135
112300, 0.000106341, 0.00503521, 0.0342017, 28.3676
112400, 0.000107114, 0.00546926, 0.0338073, 28.5877
112500, 0.00010941, 0.00598848, 0.032895, 29.2462
112600, 0.000108126, 0.00552579, 0.0332651, 28.8859
112700, 0.000105333, 0.00490442, 0.0341149, 28.0928
112800, 0.000106181, 0.00536, 0.0337038, 28.336
112900, 0.000108595, 0.00589152, 0.0327626, 29.0271
113000, 0.000107582, 0.0054879, 0.0330445, 28.7449
113100, 0.000105052, 0.00491575, 0.0338102, 28.0264
113200, 0.000105992, 0.0053608, 0.0333716, 28.2954
113300, 0.000108424, 0.00590103, 0.032418, 28.9916
113400, 0.000107529, 0.0055271, 0.0326627, 28.7415
113500, 0.000105099, 0.00498047, 0.0334107, 28.0517
113600, 0.000105895, 0.0053889, 0.0330212, 28.278
113700, 0.000108118, 0.0058898, 0.0321396, 28.9136
113800, 0.00010714, 0.00551524, 0.0324172, 28.6394
113900, 0.000104598, 0.00495242, 0.0332083, 27.9168
114000, 0.000105145, 0.00531101, 0.0329097, 28.0728
114100, 0.000107145, 0.00577228, 0.0321166, 28.644
114200, 0.000106097, 0.00539196, 0.0324251, 28.3503
114300, 0.000103551, 0.00481652, 0.0332168, 27.6267
114400, 0.000104035, 0.0051458, 0.0329512, 27.7646
114500, 0.000106013, 0.00561773, 0.0321809, 28.3317
114600, 0.000105128, 0.0052587, 0.0324305, 28.084
114700, 0.000102816, 0.00471723, 0.0331445, 27.4278
114800, 0.00010343, 0.00507599, 0.0328408, 27.6039
114900, 0.000105549, 0.0055622, 0.0320288, 28.2102
115000, 0.000104925, 0.00526274, 0.0321944, 28.0376
115100, 0.000102855, 0.00476955, 0.0328326, 27.4496
115200, 0.000103541, 0.00511606, 0.0325071, 27.6457
115300, 0.000105636, 0.00559943, 0.0316958, 28.2445
115400, 0.000105053, 0.00531655, 0.0318494, 28.082
115500, 0.000103007, 0.00483769, 0.0324927, 27.5011
115600, 0.000103507, 0.00514179, 0.0322318, 27.6426
115700, 0.000105352, 0.00558132, 0.0315093, 28.1696
115800, 0.000104634, 0.00528491, 0.0317142, 27.9683
115900, 0.000102451, 0.00478155, 0.0324079, 27.3473
116000, 0.00010272, 0.00504111, 0.0322327, 27.4239
116100, 0.000104373, 0.00544373, 0.0315891, 27.896
116200, 0.000103613, 0.00514498, 0.0318146, 27.6833
116300, 0.000101472, 0.0046374, 0.0324923, 27.0746
116400, 0.000101758, 0.00488315, 0.0323224, 27.1561
116500, 0.000103463, 0.00530866, 0.0316745, 27.6445
116600, 0.000102912, 0.00504018, 0.0318268, 27.4913
116700, 0.000101049, 0.00457866, 0.0324128, 26.9627
116800, 0.000101508, 0.00485898, 0.032188, 27.094
116900, 0.000103365, 0.00529849, 0.0314908, 27.6248
117000, 0.000103049, 0.0050853, 0.0315669, 27.5388
117100, 0.000101387, 0.00466729, 0.032092, 27.0664
117200, 0.000101877, 0.00493176, 0.0318586, 27.2062
117300, 0.000103652, 0.00535559, 0.0311811, 27.7127
117400, 0.000103292, 0.00514513, 0.0312746, 27.6128
117500, 0.000101572, 0.0047272, 0.0318299, 27.1238
117600, 0.000101831, 0.00494304, 0.0316777, 27.1964
117700, 0.000103325, 0.00532017, 0.0311038, 27.6227
117800, 0.000102794, 0.00508504, 0.0312615, 27.4735
117900, 0.000100929, 0.00463791, 0.0318692, 26.9428
118000, 0.000100994, 0.00481703, 0.0317906, 26.9612
118100, 0.00010235, 0.00516411, 0.0312776, 27.3478
118200, 0.000101828, 0.00493503, 0.0314381, 27.2024
118300, 0.000100069, 0.00449552, 0.0320073, 26.7021
118400, 0.000100239, 0.00467749, 0.0319032, 26.7506
118500, 0.000101723, 0.00505923, 0.0313569, 27.1754
118600, 0.000101457, 0.00486907, 0.0314293, 27.1024
118700, 0.00010001, 0.0044858, 0.0318973, 26.6918
118800, 0.000100376, 0.00470424, 0.0317283, 26.7961
118900, 0.000101999, 0.00509682, 0.0311329, 27.2597
119000, 0.000101918, 0.0049536, 0.0311455, 27.2392
119100, 0.000100602, 0.00460387, 0.0315754, 26.865
119200, 0.000100935, 0.0047998, 0.0314199, 26.9592
119300, 0.000102406, 0.00516269, 0.0308703, 27.3782
119400, 0.000102189, 0.00500645, 0.0309317, 27.3182
119500, 0.000100734, 0.00464114, 0.031418, 26.9041
119600, 0.000100799, 0.00478312, 0.0313586, 26.9207
119700, 0.000101973, 0.00509906, 0.0309209, 27.2555
119800, 0.000101576, 0.00491178, 0.0310508, 27.1436
119900, 9.99971e-05, 0.00451763, 0.0315814, 26.6941
120000, 9.99306e-05, 0.00463386, 0.0315738, 26.6745
120100, 0.000101047, 0.00493099, 0.0311693, 26.9929
120200, 0.000100736, 0.00476209, 0.0312753, 26.9065
120300, 9.93429e-05, 0.00439092, 0.0317406, 26.5104
120400, 9.94714e-05, 0.0045274, 0.0316757, 26.5468
120500, 0.000100786, 0.00486942, 0.0312105, 26.9227
120600, 0.000100763, 0.00474706, 0.0312183, 26.9179
120700, 9.96892e-05, 0.00443782, 0.0315809, 26.6133
120800, 0.000100003, 0.00460792, 0.0314526, 26.7022
120900, 0.000101414, 0.00495344, 0.0309506, 27.1046
121000, 0.000101493, 0.00486338, 0.0309246, 27.1286
121100, 0.000100456, 0.00457256, 0.0312814, 26.8331
121200, 0.000100651, 0.00471056, 0.0311966, 26.8876
121300, 0.000101831, 0.00501226, 0.0307704, 27.2228
121400, 0.000101691, 0.0048943, 0.0308242, 27.1836
121500, 0.000100447, 0.00457292, 0.0312585, 26.829
121600, 0.000100358, 0.00465388, 0.031277, 26.8017
121700, 0.000101258, 0.00491222, 0.03096, 27.0576
121800, 0.000100964, 0.00476259, 0.0310728, 26.9744
121900, 9.96552e-05, 0.00441931, 0.0315313, 26.6014
122000, 9.95289e-05, 0.00448998, 0.0315689, 26.5646
122100, 0.000100473, 0.00474517, 0.0312482, 26.8336
122200, 0.000100358, 0.00463008, 0.0313053, 26.8026
122300, 9.93186e-05, 0.0043272, 0.0316711, 26.5067
122400, 9.94636e-05, 0.00443395, 0.0316242, 26.5476
122500, 0.000100653, 0.00474028, 0.0312235, 26.8869
122600, 0.000100826, 0.00467465, 0.0311818, 26.9373
122700, 0.000100073, 0.00443253, 0.0314561, 26.7236
122800, 0.000100352, 0.00456417, 0.0313618, 26.8019
122900, 0.000101559, 0.00486221, 0.0309497, 27.1451
123000, 0.000101726, 0.00480927, 0.0309109, 27.1932
123100, 0.000100895, 0.00456586, 0.0312179, 26.9557
123200, 0.000100963, 0.00465375, 0.0312003, 26.9734
123300, 0.000101869, 0.00489548, 0.0308926, 27.2297
123400, 0.000101757, 0.00480218, 0.0309563, 27.1976
123500, 0.000100685, 0.00451717, 0.0313513, 26.8915
123600, 0.00010049, 0.00454971, 0.0314308, 26.8337
123700, 0.00010117, 0.00475687, 0.0312138, 27.0268
123800, 0.000100975, 0.0046389, 0.0313124, 26.9709
123900, 9.9932e-05, 0.00434625, 0.0316994, 26.6735
124000, 9.98151e-05, 0.00438795, 0.0317576, 26.6391
124100, 0.000100654, 0.00461041, 0.0314963, 26.8779
124200, 0.000100728, 0.00454417, 0.0315077, 26.8998
124300, 0.000100021, 0.00430846, 0.0317809, 26.6983
124400, 0.000100218, 0.00439777, 0.0317384, 26.7539
124500, 0.000101307, 0.00467145, 0.0313915, 27.0638
124600, 0.000101624, 0.00465085, 0.0313181, 27.1546
124700, 0.000101126, 0.00446562, 0.0315256, 27.0124
124800, 0.000101366, 0.00456478, 0.0314661, 27.079
124900, 0.000102366, 0.00481466, 0.0311449, 27.3627
125000, 0.000102557, 0.00478341, 0.0311163, 27.4162
125100, 0.000101867, 0.0045755, 0.0313955, 27.2182
125200, 0.000101816, 0.00461977, 0.0314417, 27.2017
125300, 0.000102474, 0.00480463, 0.0312436, 27.3867
125400, 0.000102365, 0.00472615, 0.0313262, 27.3549
125500, 0.000101447, 0.00447245, 0.0316876, 27.092
125600, 0.0001012, 0.0044692, 0.0318085, 27.0191
125700, 0.000101729, 0.00463405, 0.0316672, 27.1688
125800, 0.000101642, 0.00454543, 0.0317478, 27.1434
125900, 0.00010087, 0.00430469, 0.0320621, 26.9227
126000, 0.000100821, 0.0043328, 0.0321198, 26.9077
126100, 0.000101611, 0.00453179, 0.0318969, 27.132
126200, 0.000101859, 0.00450979, 0.0318671, 27.203
126300, 0.000101449, 0.00433742, 0.0320587, 27.0858
126400, 0.000101709, 0.00441711, 0.0320157, 27.1587
126500, 0.000102704, 0.00465942, 0.0317192, 27.441
126600, 0.000103106, 0.0046707, 0.0316339, 27.555
126700, 0.000102788, 0.00452985, 0.0317988, 27.4634
126800, 0.000102972, 0.00459949, 0.0317794, 27.5134
126900, 0.000103763, 0.00480069, 0.0315507, 27.7367
127000, 0.000103925, 0.00477797, 0.0315508, 27.7813
127100, 0.000103325, 0.00459478, 0.0318189, 27.6081
127200, 0.000103174, 0.00460127, 0.0319223, 27.5625
127300, 0.000103624, 0.00473459, 0.0318195, 27.6879
127400, 0.000103519, 0.0046652, 0.0319206, 27.6563
127500, 0.000102754, 0.00444074, 0.0322479, 27.4367
127600, 0.000102513, 0.00441502, 0.032389, 27.3655
127700, 0.000102962, 0.00454848, 0.0322973, 27.4919
127800, 0.000103001, 0.00448971, 0.0323536, 27.5022
127900, 0.0001025, 0.00430266, 0.0325946, 27.3586
128000, 0.00010256, 0.00432999, 0.0326366, 27.3742
128100, 0.000103338, 0.00451313, 0.0324377, 27.5947
128200, 0.000103734, 0.00452932, 0.0323743, 27.7071
128300, 0.000103571, 0.00441321, 0.0325004, 27.6596
128400, 0.000103879, 0.00448656, 0.0324596, 27.7458
128500, 0.00010477, 0.00469703, 0.032216, 27.9977
128600, 0.000105196, 0.00472669, 0.0321393, 28.1176
128700, 0.000104985, 0.00461657, 0.0322854, 28.0557
128800, 0.000105094, 0.00465747, 0.0323124, 28.0838
128900, 0.00010568, 0.00481032, 0.0321756, 28.2478
129000, 0.000105782, 0.00478587, 0.0322152, 28.2746
129100, 0.000105242, 0.00461894, 0.0324817, 28.1178
129200, 0.000105019, 0.00459428, 0.032631, 28.0513
129300, 0.000105313, 0.00468373, 0.0326037, 28.1321
129400, 0.00010523, 0.00462184, 0.0327162, 28.1064
129500, 0.000104632, 0.00442776, 0.0330042, 27.9338
129600, 0.000104453, 0.00439304, 0.0331447, 27.8803
129700, 0.000104885, 0.00450691, 0.0330789, 28.0017
129800, 0.000105066, 0.00447976, 0.0331049, 28.0519
129900, 0.000104826, 0.00434719, 0.033275, 27.9825
130000, 0.000105011, 0.00438287, 0.0332935, 28.0335
130100, 0.000105791, 0.00455508, 0.0331109, 28.254
130200, 0.000106295, 0.00460151, 0.0330258, 28.3968
130300, 0.000106316, 0.00453113, 0.0331058, 28.4008
130400, 0.000106642, 0.00459732, 0.033076, 28.4916
130500, 0.00010741, 0.00477414, 0.0328909, 28.7079
130600, 0.000107805, 0.00480904, 0.0328414, 28.8179
130700, 0.00010764, 0.00471644, 0.0329892, 28.7681
130800, 0.000107661, 0.00472873, 0.0330664, 28.7706
130900, 0.000108054, 0.00483482, 0.0330161, 28.879
131000, 0.000108088, 0.00480199, 0.0330979, 28.8856
131100, 0.000107597, 0.00464622, 0.0333646, 28.7426
131200, 0.000107341, 0.00459811, 0.0335447, 28.6663
131300, 0.000107542, 0.00465368, 0.0335699, 28.7201
131400, 0.00010751, 0.00460158, 0.0336817, 28.7089
131500, 0.000107096, 0.00444144, 0.0339237, 28.5884
131600, 0.000107026, 0.00441093, 0.0340457, 28.5659
131700, 0.000107491, 0.00451669, 0.0339864, 28.6966
131800, 0.000107817, 0.0045226, 0.033979, 28.7878
131900, 0.000107813, 0.00444272, 0.0340844, 28.7854
132000, 0.000108117, 0.00449121, 0.0340789, 28.8699
132100, 0.000108892, 0.004654, 0.0339124, 29.0887
132200, 0.000109457, 0.0047205, 0.0338202, 29.2477
132300, 0.000109591, 0.0046829, 0.0338758, 29.2837
132400, 0.000109898, 0.0047382, 0.0338683, 29.3682
132500, 0.000110524, 0.00487872, 0.0337481, 29.543
132600, 0.000110844, 0.00490728, 0.0337404, 29.631
132700, 0.000110677, 0.00482076, 0.0339048, 29.58
132800, 0.000110608, 0.00480468, 0.0340316, 29.5562
132900, 0.000110835, 0.00486744, 0.0340573, 29.6169
133000, 0.00011081, 0.00482365, 0.0341761, 29.6061
133100, 0.000110377, 0.0046776, 0.0344384, 29.4794
133200, 0.000110134, 0.00461569, 0.0346311, 29.4065
133300, 0.000110302, 0.00464948, 0.0346848, 29.451
133400, 0.000110357, 0.00461243, 0.0347824, 29.4643
133500, 0.000110141, 0.00449131, 0.0349715, 29.4004
133600, 0.000110211, 0.00447662, 0.0350618, 29.4178
133700, 0.000110741, 0.00458376, 0.0349954, 29.5667
133800, 0.000111201, 0.004622, 0.0349555, 29.6958
133900, 0.000111394, 0.00458951, 0.035007, 29.749
134000, 0.000111789, 0.00465026, 0.0349835, 29.8593
134100, 0.000112538, 0.0048016, 0.0348382, 30.0699
134200, 0.000113108, 0.00487654, 0.0347557, 30.2298
134300, 0.000113289, 0.0048574, 0.0348084, 30.2781
134400, 0.000113538, 0.0048962, 0.0348352, 30.3454
134500, 0.000114006, 0.00499784, 0.0347849, 30.4745
134600, 0.000114222, 0.00501084, 0.0348277, 30.5323
134700, 0.000114026, 0.00492163, 0.0350169, 30.4724
134800, 0.000113877, 0.0048791, 0.0351874, 30.4254
134900, 0.000113975, 0.00490434, 0.0352735, 30.4491
135000, 0.000113919, 0.00485126, 0.0354178, 30.429
135100, 0.000113567, 0.00471769, 0.0356657, 30.3251
135200, 0.000113383, 0.00465345, 0.0358521, 30.2693
135300, 0.000113578, 0.00467909, 0.035911, 30.3216
135400, 0.00011375, 0.0046641, 0.0359816, 30.3681
135500, 0.00011374, 0.0045868, 0.0361132, 30.3628
135600, 0.000113963, 0.00459635, 0.0361641, 30.424
135700, 0.000114567, 0.00471071, 0.0360837, 30.5939
135800, 0.000115135, 0.00477715, 0.0360172, 30.7534
135900, 0.000115472, 0.00478257, 0.0360296, 30.847
136000, 0.000115918, 0.00485031, 0.0359997, 30.971
136100, 0.000116606, 0.00498517, 0.0358853, 31.1637
136200, 0.000117128, 0.00505617, 0.0358295, 31.3092
136300, 0.000117293, 0.00504132, 0.0358994, 31.3524
136400, 0.000117451, 0.00505779, 0.0359704, 31.3931
136500, 0.000117754, 0.00511884, 0.0359911, 31.4745
136600, 0.000117856, 0.00511035, 0.0360866, 31.4992
136700, 0.000117622, 0.00501373, 0.0363009, 31.4282
136800, 0.000117418, 0.00494912, 0.0365037, 31.3653
136900, 0.000117437, 0.00494575, 0.0366302, 31.3662
137000, 0.000117388, 0.00488957, 0.0367833, 31.3483
137100, 0.000117147, 0.00477499, 0.0370038, 31.2762
137200, 0.00011707, 0.00472136, 0.0371652, 31.2508
137300, 0.000117342, 0.00475261, 0.0372092, 31.3252
137400, 0.000117652, 0.00476627, 0.0372427, 31.411
137500, 0.000117841, 0.00473502, 0.0373158, 31.4625
137600, 0.00011821, 0.00477215, 0.0373263, 31.5652
137700, 0.000118877, 0.00489449, 0.0372325, 31.7527
137800, 0.000119511, 0.00498085, 0.0371504, 31.9307
137900, 0.000119928, 0.0050111, 0.0371426, 32.0466
138000, 0.000120372, 0.005077, 0.037122, 32.1692
138100, 0.000120959, 0.00518829, 0.0370508, 32.3327
138200, 0.000121385, 0.0052436, 0.0370376, 32.4499
138300, 0.000121485, 0.00522063, 0.0371404, 32.4737
138400, 0.000121531, 0.00521014, 0.0372612, 32.4819
138500, 0.000121674, 0.00523117, 0.0373485, 32.5176
138600, 0.000121671, 0.00519968, 0.0374912, 32.5119
138700, 0.000121413, 0.00509566, 0.0377232, 32.4339
138800, 0.000121193, 0.00501711, 0.0379413, 32.3664
138900, 0.000121191, 0.00499742, 0.0380848, 32.3615
139000, 0.000121197, 0.0049481, 0.0382275, 32.3596
139100, 0.000121102, 0.00486172, 0.0384061, 32.3292
139200, 0.000121169, 0.00483121, 0.0385269, 32.3452
139300, 0.000121553, 0.00487955, 0.0385408, 32.4515
139400, 0.000122004, 0.00492529, 0.0385323, 32.5778
139500, 0.000122369, 0.0049375, 0.0385519, 32.6793
139600, 0.000122855, 0.0049993, 0.0385283, 32.815
139700, 0.000123552, 0.00512486, 0.0384293, 33.0105
139800, 0.000124198, 0.0052193, 0.0383479, 33.1913
139900, 0.000124625, 0.00525906, 0.0383418, 33.3096
140000, 0.00012501, 0.00531242, 0.0383482, 33.4149
140100, 0.00012546, 0.00539282, 0.0383322, 33.5384
140200, 0.000125752, 0.00542292, 0.0383733, 33.6167
140300, 0.000125754, 0.00538279, 0.0385181, 33.6123
140400, 0.000125684, 0.00534391, 0.0386872, 33.5874
140500, 0.000125693, 0.00532902, 0.0388299, 33.5846
140600, 0.000125615, 0.00527817, 0.039006, 33.5574
140700, 0.000125367, 0.00517231, 0.039241, 33.482
140800, 0.000125182, 0.00509167, 0.0394536, 33.425
140900, 0.000125221, 0.00507059, 0.0395894, 33.4322
141000, 0.000125331, 0.00504021, 0.0397024, 33.4601
141100, 0.000125409, 0.00499112, 0.0398271, 33.4795
141200, 0.000125642, 0.00499299, 0.0398966, 33.543
141300, 0.000126148, 0.00506475, 0.0398731, 33.6845
141400, 0.000126725, 0.00514047, 0.0398251, 33.8463
141500, 0.00012722, 0.00518753, 0.0398031, 33.9847
141600, 0.000127773, 0.00526506, 0.0397596, 34.139
141700, 0.000128449, 0.00538466, 0.0396704, 34.3281
141800, 0.000129044, 0.00547337, 0.0396095, 34.4938
141900, 0.000129415, 0.00550727, 0.039627, 34.5952
142000, 0.000129691, 0.00553801, 0.0396764, 34.6689
142100, 0.000129976, 0.00558187, 0.0397237, 34.7448
142200, 0.000130116, 0.00558113, 0.0398236, 34.7794
142300, 0.000130014, 0.00551995, 0.0400103, 34.745
142400, 0.000129849, 0.00545571, 0.0402179, 34.6928
142500, 0.000129769, 0.00541363, 0.0403969, 34.6646
142600, 0.000129664, 0.00535252, 0.0405859, 34.6304
142700, 0.000129475, 0.00525514, 0.0408044, 34.572
142800, 0.000129382, 0.00518689, 0.0409893, 34.5416
142900, 0.000129519, 0.00517981, 0.0410949, 34.5773
143000, 0.00012977, 0.00517914, 0.0411629, 34.6457
143100, 0.000130033, 0.00517284, 0.041227, 34.7181
143200, 0.000130429, 0.00521008, 0.0412431, 34.8283
143300, 0.000131042, 0.00530439, 0.0411844, 35.0002
143400, 0.000131701, 0.00540169, 0.0411082, 35.1854
143500, 0.000132264, 0.00546984, 0.0410637, 35.3425
143600, 0.000132818, 0.00555007, 0.0410205, 35.4966
143700, 0.000133414, 0.00565233, 0.04096, 35.6624
143800, 0.0001339, 0.00572206, 0.0409392, 35.7961
143900, 0.000134157, 0.00573717, 0.0409987, 35.8646
144000, 0.000134292, 0.00573804, 0.0411013, 35.8975
144100, 0.000134405, 0.00574351, 0.0412123, 35.9242
144200, 0.000134401, 0.00571168, 0.0413655, 35.9178
144300, 0.000134216, 0.00563157, 0.0415839, 35.8596
144400, 0.000134, 0.00555039, 0.0418116, 35.7929
144500, 0.000133892, 0.00549435, 0.0420023, 35.7572
144600, 0.000133824, 0.00543624, 0.0421803, 35.7338
144700, 0.000133746, 0.00536038, 0.0423614, 35.7079
144800, 0.000133794, 0.00531861, 0.0424994, 35.7182
144900, 0.00013407, 0.00533777, 0.0425587, 35.794
145000, 0.000134476, 0.00537263, 0.042574, 35.907
145100, 0.00013491, 0.00540797, 0.0425797, 36.028
145200, 0.000135438, 0.00547581, 0.04255, 36.1758
145300, 0.000136114, 0.00558471, 0.0424681, 36.3655
145400, 0.000136795, 0.00569039, 0.0423826, 36.5564
145500, 0.000137351, 0.00576319, 0.0423393, 36.7109
145600, 0.000137836, 0.00583195, 0.042319, 36.845
145700, 0.000138299, 0.00590621, 0.0423055, 36.972
145800, 0.000138629, 0.0059467, 0.0423398, 37.0609
145900, 0.000138741, 0.00593467, 0.0424514, 37.0876
146000, 0.000138726, 0.00590337, 0.0426076, 37.0777
146100, 0.000138688, 0.00587365, 0.0427726, 37.0613
146200, 0.000138578, 0.00581646, 0.0429639, 37.0245
146300, 0.000138355, 0.00572571, 0.0431948, 36.9561
146400, 0.000138149, 0.00564056, 0.043419, 36.8926
146500, 0.000138083, 0.00558674, 0.0435951, 36.8695
146600, 0.000138113, 0.00554634, 0.0437389, 36.8745
146700, 0.000138191, 0.00550401, 0.043866, 36.8936
146800, 0.000138409, 0.00549856, 0.0439452, 36.9529
146900, 0.000138836, 0.00554961, 0.0439516, 37.0721
147000, 0.000139382, 0.00561833, 0.0439168, 37.2253
147100, 0.000139943, 0.00568671, 0.043876, 37.3826
147200, 0.000140547, 0.00577374, 0.0438175, 37.5516
147300, 0.000141223, 0.00588458, 0.0437321, 37.741
147400, 0.000141856, 0.00598354, 0.0436604, 37.9174
147500, 0.000142332, 0.00604514, 0.0436427, 38.0486
147600, 0.000142691, 0.00609032, 0.0436649, 38.1462
147700, 0.000142983, 0.0061291, 0.0437106, 38.224
147800, 0.000143138, 0.00613508, 0.0438057, 38.2627
147900, 0.000143102, 0.00609363, 0.0439684, 38.247
148000, 0.000142961, 0.00603358, 0.0441681, 38.2012
148100, 0.000142819, 0.00597741, 0.0443682, 38.1554
148200, 0.00014266, 0.00590608, 0.0445745, 38.1052
148300, 0.000142464, 0.00581748, 0.0447945, 38.0448
148400, 0.000142332, 0.00574376, 0.0449907, 38.0034
148500, 0.000142371, 0.00570809, 0.0451289, 38.0109
148600, 0.000142544, 0.00569758, 0.0452216, 38.0574
148700, 0.000142798, 0.00569579, 0.0452861, 38.1272
148800, 0.000143186, 0.0057291, 0.0453046, 38.2351
148900, 0.000143744, 0.00580949, 0.0452628, 38.3918
149000, 0.000144387, 0.00590306, 0.0451907, 38.5724
149100, 0.000145011, 0.00599038, 0.0451235, 38.7474
149200, 0.000145619, 0.00608165, 0.0450594, 38.917
149300, 0.000146227, 0.00618044, 0.0449935, 39.0864
149400, 0.000146746, 0.00625899, 0.0449578, 39.2298
149500, 0.000147086, 0.00629699, 0.0449847, 39.3218
149600, 0.000147285, 0.00631078, 0.0450614, 39.373
149700, 0.000147395, 0.00631167, 0.0451687, 39.399
149800, 0.000147387, 0.0062838, 0.0453193, 39.391
149900, 0.000147232, 0.00621693, 0.0455211, 39.3415
150000, 0.000147014, 0.00613723, 0.045745, 39.2742
150100, 0.000146833, 0.00606781, 0.0459554, 39.218
150200, 0.000146696, 0.00599698, 0.0461512, 39.1745
150300, 0.000146588, 0.00592502, 0.0463373, 39.1402
150400, 0.000146588, 0.00587689, 0.0464857, 39.1368
150500, 0.000146774, 0.0058713, 0.0465707, 39.1869
150600, 0.000147108, 0.00589679, 0.0466049, 39.2798
150700, 0.000147529, 0.00593502, 0.0466086, 39.3974
150800, 0.000148054, 0.00600149, 0.0465755, 39.5448
150900, 0.000148696, 0.0061017, 0.0465, 39.725
151000, 0.000149372, 0.00620641, 0.0464111, 39.9147
151100, 0.000149985, 0.0062965, 0.0463422, 40.0861
151200, 0.000150526, 0.00637712, 0.0462966, 40.2359
151300, 0.000151007, 0.00645189, 0.0462707, 40.3686
151400, 0.000151367, 0.00650022, 0.046287, 40.4662
151500, 0.000151542, 0.00650745, 0.0463686, 40.5109
151600, 0.000151573, 0.0064877, 0.0465009, 40.5143
151700, 0.000151524, 0.00645379, 0.0466615, 40.4947
151800, 0.000151391, 0.00639852, 0.0468521, 40.4515
151900, 0.00015117, 0.00631568, 0.0470732, 40.3836
152000, 0.00015094, 0.00622936, 0.0472976, 40.3133
152100, 0.000150792, 0.00616212, 0.0474928, 40.2672
152200, 0.000150741, 0.00610675, 0.0476554, 40.249
152300, 0.000150772, 0.00606384, 0.0477903, 40.2548
152400, 0.000150934, 0.00605072, 0.0478794, 40.2985
152500, 0.000151279, 0.00608019, 0.0479062, 40.3945
152600, 0.000151761, 0.00614016, 0.0478851, 40.5299
152700, 0.000152311, 0.00621063, 0.0478398, 40.6842
152800, 0.00015292, 0.00629868, 0.0477724, 40.8551
152900, 0.000153581, 0.00640535, 0.0476844, 41.0405
153000, 0.000154221, 0.00650638, 0.0476021, 41.2194
153100, 0.000154755, 0.00658442, 0.0475552, 41.3677
153200, 0.000155172, 0.00664251, 0.0475482, 41.4817
153300, 0.000155489, 0.00668531, 0.0475757, 41.5671
153400, 0.000155671, 0.00669881, 0.0476507, 41.6137
153500, 0.000155683, 0.00667401, 0.0477862, 41.6117
153600, 0.000155571, 0.0066241, 0.047965, 41.5745
153700, 0.000155407, 0.00656355, 0.0481619, 41.5225
153800, 0.000155209, 0.00649175, 0.0483713, 41.4613
153900, 0.000154987, 0.00640572, 0.0485887, 41.3936
154000, 0.000154811, 0.0063273, 0.0487904, 41.3395
154100, 0.000154758, 0.00627677, 0.0489494, 41.3211
154200, 0.000154839, 0.00624876, 0.0490629, 41.3414
154300, 0.000155034, 0.00624219, 0.0491381, 41.3946
154400, 0.000155362, 0.00626659, 0.0491664, 41.4861
154500, 0.000155849, 0.00632866, 0.0491401, 41.6227
154600, 0.000156441, 0.00641505, 0.0490763, 41.7893
154700, 0.000157063, 0.00650523, 0.0490006, 41.9639
154800, 0.000157689, 0.0066007, 0.0489212, 42.1394
154900, 0.000158305, 0.00670017, 0.0488431, 42.3113
155000, 0.000158849, 0.00678459, 0.048789, 42.4621
155100, 0.000159253, 0.00683944, 0.0487827, 42.5729
155200, 0.000159513, 0.00686761, 0.0488267, 42.6418
155300, 0.000159655, 0.0068755, 0.048912, 42.677
155400, 0.000159669, 0.00685487, 0.0490422, 42.6758
155500, 0.000159546, 0.006802, 0.0492216, 42.6354
155600, 0.000159337, 0.00672997, 0.0494304, 42.5709
155700, 0.000159119, 0.00665438, 0.0496425, 42.504
155800, 0.000158922, 0.00657926, 0.0498478, 42.4436
155900, 0.000158761, 0.00650358, 0.0500404, 42.3942
156000, 0.000158693, 0.00644602, 0.0502014, 42.3718
156100, 0.000158777, 0.00642304, 0.0503104, 42.3931
156200, 0.000159014, 0.00642886, 0.0503675, 42.4582
156300, 0.00015937, 0.0064594, 0.0503835, 42.5579
156400, 0.000159843, 0.00651718, 0.0503585, 42.6906
156500, 0.000160432, 0.00660359, 0.0502923, 42.8564
156600, 0.000161081, 0.00670458, 0.0502039, 43.0385
156700, 0.000161711, 0.0068005, 0.0501195, 43.2151
156800, 0.000162292, 0.00688978, 0.0500504, 43.3773
156900, 0.000162808, 0.00697059, 0.0500023, 43.52
157000, 0.000163213, 0.0070291, 0.0499925, 43.6307
157100, 0.00016346, 0.00705422, 0.0500376, 43.6963
157200, 0.000163555, 0.00704995, 0.0501361, 43.7181
157300, 0.000163536, 0.00702461, 0.0502748, 43.7075
157400, 0.000163416, 0.00697506, 0.0504493, 43.6681
157500, 0.000163204, 0.00690215, 0.0506565, 43.6027
157600, 0.000162956, 0.0068189, 0.0508758, 43.5277
157700, 0.000162748, 0.0067414, 0.0510818, 43.4642
157800, 0.000162612, 0.00667614, 0.0512631, 43.422
157900, 0.000162563, 0.0066225, 0.0514147, 43.4052
158000, 0.000162641, 0.00659505, 0.0515237, 43.4249
158100, 0.00016288, 0.00660511, 0.051577, 43.4911
158200, 0.00016327, 0.00664517, 0.051579, 43.6002
158300, 0.000163765, 0.00670787, 0.0515442, 43.7394
158400, 0.000164341, 0.00679015, 0.0514797, 43.9014
158500, 0.000164982, 0.00688965, 0.0513913, 44.0814
158600, 0.000165629, 0.00699255, 0.0512988, 44.2626
158700, 0.00016621, 0.00708135, 0.0512271, 44.4245
158800, 0.000166695, 0.00715335, 0.0511875, 44.5587
158900, 0.000167073, 0.00720746, 0.0511842, 44.6617
159000, 0.000167317, 0.0072349, 0.0512279, 44.7264
159100, 0.000167403, 0.00722823, 0.0513274, 44.7456
159200, 0.000167348, 0.00719321, 0.0514764, 44.7248
159300, 0.000167202, 0.00714015, 0.0516577, 44.6781
159400, 0.000166995, 0.00707009, 0.0518607, 44.6143
159500, 0.00016675, 0.00698753, 0.0520776, 44.54
159600, 0.000166523, 0.00690515, 0.052288, 44.4714
159700, 0.000166382, 0.00683837, 0.0524693, 44.4279
159800, 0.000166357, 0.00679411, 0.0526115, 44.418
159900, 0.000166454, 0.00677072, 0.0527122, 44.4433
160000, 0.000166692, 0.00677776, 0.0527649, 44.5092
160100, 0.000167085, 0.00682095, 0.0527642, 44.6194
160200, 0.000167607, 0.00689063, 0.0527188, 44.766
160300, 0.000168202, 0.00697668, 0.0526468, 44.9335
160400, 0.000168833, 0.00707233, 0.0525604, 45.1105
160500, 0.000169471, 0.0071731, 0.0524693, 45.2894
160600, 0.000170063, 0.00726637, 0.0523925, 45.4543
160700, 0.000170547, 0.00733764, 0.0523519, 45.588
160800, 0.0001709, 0.00738449, 0.0523564, 45.6841
160900, 0.000171122, 0.00740744, 0.0524068, 45.7421
161000, 0.000171203, 0.00740242, 0.0525065, 45.7603
161100, 0.000171142, 0.00736561, 0.0526569, 45.7377
161200, 0.00017097, 0.00730493, 0.0528469, 45.6835
161300, 0.000170743, 0.00723231, 0.0530561, 45.6141
161400, 0.000170504, 0.0071521, 0.0532702, 45.5416
161500, 0.000170283, 0.00707128, 0.0534786, 45.4748
161600, 0.000170132, 0.00700141, 0.0536633, 45.4285
161700, 0.000170106, 0.0069561, 0.0538056, 45.4185
161800, 0.000170226, 0.00694082, 0.0538988, 45.4504
161900, 0.000170486, 0.00695167, 0.0539445, 45.5223
162000, 0.000170883, 0.00699288, 0.0539429, 45.6337
162100, 0.000171411, 0.00706488, 0.0538955, 45.7821
162200, 0.00017203, 0.0071562, 0.0538155, 45.9562
162300, 0.000172679, 0.00725495, 0.0537231, 46.1385
162400, 0.000173311, 0.00735248, 0.0536341, 46.3156
162500, 0.000173897, 0.00744363, 0.0535597, 46.4788
162600, 0.00017439, 0.00751775, 0.0535165, 46.6148
162700, 0.000174742, 0.00756389, 0.0535216, 46.7105
162800, 0.000174944, 0.00758091, 0.0535797, 46.7629
162900, 0.000175006, 0.00757142, 0.0536869, 46.7754
163000, 0.00017494, 0.00753571, 0.0538397, 46.7515
163100, 0.000174763, 0.00747347, 0.0540324, 46.6959
163200, 0.000174516, 0.00739465, 0.05425, 46.6207
163300, 0.000174262, 0.00731244, 0.0544706, 46.544
163400, 0.000174048, 0.00723337, 0.0546779, 46.4792
163500, 0.000173907, 0.00716551, 0.0548613, 46.4358
163600, 0.000173879, 0.00711839, 0.0550062, 46.4251
163700, 0.000174004, 0.00710253, 0.0550994, 46.4586
163800, 0.000174289, 0.00712049, 0.0551388, 46.5375
163900, 0.00017471, 0.00716546, 0.0551308, 46.6558
164000, 0.000175249, 0.00723662, 0.055082, 46.8074
164100, 0.000175879, 0.00732997, 0.0550001, 46.9845
164200, 0.000176552, 0.00743306, 0.0549015, 47.1734
164300, 0.000177204, 0.00753336, 0.0548079, 47.356
164400, 0.000177789, 0.00762192, 0.0547361, 47.5186
164500, 0.000178277, 0.00769408, 0.0546966, 47.6533
164600, 0.000178635, 0.00774177, 0.054702, 47.7506
164700, 0.000178835, 0.0077579, 0.0547632, 47.8024
164800, 0.00017888, 0.00774323, 0.0548794, 47.8098
164900, 0.000178796, 0.00770288, 0.0550413, 47.7807
165000, 0.000178613, 0.00764102, 0.0552391, 47.7234
165100, 0.000178362, 0.00756054, 0.0554613, 47.6471
165200, 0.000178094, 0.00747313, 0.0556904, 47.5662
165300, 0.000177871, 0.00739246, 0.0559045, 47.4988
165400, 0.00017774, 0.007326, 0.056088, 47.4582
165500, 0.000177728, 0.00728138, 0.0562318, 47.452
165600, 0.000177861, 0.00726501, 0.0563264, 47.4876
165700, 0.00017816, 0.00728327, 0.0563651, 47.5706
165800, 0.000178612, 0.00733493, 0.056351, 47.6974
165900, 0.000179181, 0.00741019, 0.0562959, 47.8573
166000, 0.00017983, 0.00750395, 0.0562118, 48.0398
166100, 0.000180518, 0.00760908, 0.0561117, 48.2331
166200, 0.000181194, 0.00771314, 0.056014, 48.4223
166300, 0.000181798, 0.00780408, 0.0559397, 48.5902
166400, 0.000182286, 0.00787397, 0.0559045, 48.7247
166500, 0.00018264, 0.00791956, 0.0559162, 48.8205
166600, 0.000182841, 0.00793583, 0.0559814, 48.8725
166700, 0.000182882, 0.0079197, 0.056104, 48.8786
166800, 0.000182781, 0.00787433, 0.0562771, 48.8444
166900, 0.000182581, 0.00780744, 0.0564861, 48.7821
167000, 0.000182324, 0.0077266, 0.0567157, 48.704
167100, 0.000182054, 0.0076374, 0.0569509, 48.6227
167200, 0.000181825, 0.00755253, 0.0571733, 48.5534
167300, 0.000181693, 0.00748516, 0.0573628, 48.5125
167400, 0.000181699, 0.00744222, 0.0575065, 48.5113
167500, 0.000181858, 0.00742927, 0.0575991, 48.5539
167600, 0.000182176, 0.00744864, 0.0576372, 48.6423
167700, 0.000182652, 0.00750193, 0.057621, 48.776
167800, 0.000183258, 0.00758389, 0.0575596, 48.9462
167900, 0.000183942, 0.00768222, 0.0574695, 49.1384
168000, 0.000184655, 0.00778876, 0.0573674, 49.3385
168100, 0.000185349, 0.00789473, 0.0572694, 49.5326
168200, 0.000185974, 0.00798869, 0.0571941, 49.7064
168300, 0.000186478, 0.00806011, 0.05716, 49.8451
168400, 0.000186829, 0.00810313, 0.057179, 49.9399
168500, 0.000187022, 0.00811663, 0.0572541, 49.9894
168600, 0.000187059, 0.00809902, 0.0573852, 49.9941
168700, 0.00018695, 0.00805132, 0.0575683, 49.9576
168800, 0.000186734, 0.00797926, 0.0577905, 49.8904
168900, 0.000186463, 0.00789314, 0.0580328, 49.8081
169000, 0.000186191, 0.0078032, 0.0582766, 49.726
169100, 0.000185967, 0.00771686, 0.058505, 49.658
169200, 0.000185841, 0.00764679, 0.0587011, 49.6185
169300, 0.000185859, 0.00760426, 0.0588489, 49.6206
169400, 0.000186046, 0.00759405, 0.0589399, 49.6712
169500, 0.000186401, 0.00761821, 0.0589742, 49.7698
169600, 0.000186909, 0.00767441, 0.0589554, 49.9123
169700, 0.000187549, 0.00775943, 0.0588908, 50.0921
169800, 0.000188273, 0.00786449, 0.0587949, 50.2957
169900, 0.000189023, 0.00797577, 0.0586883, 50.506
170000, 0.000189743, 0.00808348, 0.0585901, 50.7071
170100, 0.000190383, 0.00817867, 0.0585175, 50.885
170200, 0.000190902, 0.00825188, 0.0584868, 51.0277
170300, 0.000191262, 0.00829501, 0.0585117, 51.1246
170400, 0.000191448, 0.00830504, 0.0585983, 51.1718
170500, 0.000191471, 0.00828364, 0.0587432, 51.1725
170600, 0.000191355, 0.00823284, 0.0589385, 51.1334
170700, 0.00019113, 0.00815763, 0.0591734, 51.0636
170800, 0.000190847, 0.00806638, 0.0594297, 50.9775
170900, 0.000190568, 0.00797145, 0.0596858, 50.8931
171000, 0.00019035, 0.00788477, 0.0599221, 50.8268
171100, 0.000190241, 0.00781436, 0.0601226, 50.7918
171200, 0.000190279, 0.00777127, 0.060274, 50.7994
171300, 0.000190493, 0.00776341, 0.0603661, 50.8574
171400, 0.000190888, 0.00779194, 0.0603967, 50.9674
171500, 0.000191443, 0.00785442, 0.0603725, 51.1229
171600, 0.000192123, 0.00794389, 0.0603041, 51.3139
171700, 0.000192887, 0.00805298, 0.0602051, 51.5284
171800, 0.000193677, 0.00817051, 0.0600945, 51.7499
171900, 0.000194429, 0.00828242, 0.0599949, 51.96
172000, 0.00019509, 0.00837879, 0.0599258, 52.1434
172100, 0.000195617, 0.00845188, 0.0599023, 52.2882
172200, 0.000195982, 0.00849503, 0.059936, 52.3864
172300, 0.000196168, 0.00850335, 0.0600336, 52.4332
172400, 0.00019618, 0.00847726, 0.0601938, 52.4302
172500, 0.000196048, 0.00842161, 0.0604059, 52.3864
172600, 0.000195815, 0.00834212, 0.0606552, 52.3137
172700, 0.000195527, 0.00824743, 0.0609248, 52.2261
172800, 0.000195245, 0.00814806, 0.0611938, 52.1405
172900, 0.000195033, 0.00805763, 0.0614403, 52.0754
173000, 0.000194943, 0.00798824, 0.061646, 52.0458
173100, 0.000195012, 0.00794679, 0.0617988, 52.0618
173200, 0.000195261, 0.00794103, 0.061891, 52.1298
173300, 0.000195697, 0.00797411, 0.0619197, 52.2511
173400, 0.000196302, 0.00804259, 0.0618904, 52.4206
173500, 0.000197034, 0.00813938, 0.061816, 52.6262
173600, 0.000197841, 0.00825373, 0.0617137, 52.8527
173700, 0.000198669, 0.00837542, 0.061602, 53.0845
173800, 0.000199455, 0.00849231, 0.0615024, 53.304
173900, 0.00020014, 0.0085915, 0.0614366, 53.4939
174000, 0.000200679, 0.00866437, 0.0614215, 53.6415
174100, 0.000201044, 0.00870551, 0.0614674, 53.7392
174200, 0.000201226, 0.00871183, 0.0615789, 53.7846
174300, 0.000201231, 0.00868215, 0.0617542, 53.7792
174400, 0.000201085, 0.00862075, 0.0619841, 53.7311
174500, 0.000200838, 0.00853581, 0.0622511, 53.6543
174600, 0.000200547, 0.00843647, 0.0625351, 53.5652
174700, 0.000200269, 0.00833428, 0.0628158, 53.4806
174800, 0.000200067, 0.00824104, 0.063072, 53.4181
174900, 0.000199998, 0.0081701, 0.0632841, 53.394
175000, 0.000200102, 0.00813187, 0.0634384, 53.4197
175100, 0.000200396, 0.00813024, 0.0635285, 53.5001
175200, 0.00020088, 0.00816809, 0.0635543, 53.6349
175300, 0.000201534, 0.008243, 0.063521, 53.8182
175400, 0.00020232, 0.00834684, 0.0634413, 54.0387
175500, 0.000203178, 0.00846865, 0.0633344, 54.2795
175600, 0.000204045, 0.0085953, 0.0632218, 54.5221
175700, 0.000204861, 0.00871544, 0.0631249, 54.7497
175800, 0.000205569, 0.00881755, 0.0630641, 54.9457
175900, 0.00020612, 0.00889115, 0.0630579, 55.0964
176000, 0.000206486, 0.00893009, 0.0631173, 55.1939
176100, 0.000206659, 0.00893231, 0.0632455, 55.2363
176200, 0.000206654, 0.00889872, 0.0634384, 55.2276
176300, 0.000206499, 0.00883225, 0.0636857, 55.1763
176400, 0.000206241, 0.00874111, 0.0639706, 55.096
176500, 0.000205943, 0.00863657, 0.0642709, 55.0048
176600, 0.000205672, 0.00853053, 0.0645636, 54.9218
176700, 0.000205488, 0.00843618, 0.0648279, 54.8641
176800, 0.000205445, 0.00836501, 0.0650454, 54.8471
176900, 0.000205585, 0.00832821, 0.0652016, 54.8829
177000, 0.000205928, 0.00833239, 0.0652895, 54.9768
177100, 0.000206467, 0.0083768, 0.0653105, 55.127
177200, 0.000207177, 0.00845854, 0.0652724, 55.3258
177300, 0.000208014, 0.0085698, 0.0651885, 55.5607
177400, 0.000208923, 0.00869869, 0.065078, 55.8154
177500, 0.000209833, 0.00883182, 0.0649641, 56.0702
177600, 0.000210679, 0.00895553, 0.0648704, 56.3057
177700, 0.000211405, 0.00905903, 0.0648174, 56.5064
177800, 0.000211965, 0.00913287, 0.0648218, 56.6594
177900, 0.000212331, 0.00917008, 0.0648954, 56.7564
178000, 0.000212496, 0.00916796, 0.0650412, 56.7959
178100, 0.000212476, 0.00912842, 0.0652535, 56.7827
178200, 0.000212309, 0.00905668, 0.0655197, 56.7275
178300, 0.000212044, 0.00895982, 0.0658218, 56.6448
178400, 0.000211744, 0.00884962, 0.0661378, 56.5525
178500, 0.000211479, 0.00873976, 0.0664432, 56.4707
178600, 0.000211315, 0.00864357, 0.0667153, 56.4185
178700, 0.000211305, 0.008574, 0.0669362, 56.4106
178800, 0.000211487, 0.00854018, 0.0670929, 56.4579
178900, 0.000211879, 0.008549, 0.0671786, 56.5656
179000, 0.000212474, 0.00860153, 0.0671945, 56.7317
179100, 0.000213243, 0.00869153, 0.0671502, 56.947
179200, 0.000214136, 0.00881056, 0.0670615, 57.1974
179300, 0.000215092, 0.0089466, 0.0669484, 57.4652
179400, 0.000216043, 0.00908563, 0.0668344, 57.731
179500, 0.00021692, 0.00921372, 0.0667439, 57.9749
179600, 0.000217661, 0.00931846, 0.0666993, 58.1797
179700, 0.000218226, 0.00939116, 0.0667166, 58.3334
179800, 0.000218588, 0.0094257, 0.0668057, 58.429
179900, 0.000218743, 0.00941938, 0.0669696, 58.4652
180000, 0.000218709, 0.00937367, 0.0672018, 58.4474
180100, 0.000218527, 0.00929482, 0.067488, 58.3876
180200, 0.000218254, 0.0091923, 0.0678079, 58.302
180300, 0.000217954, 0.00907694, 0.0681383, 58.2095
180400, 0.000217699, 0.00896322, 0.0684553, 58.1302
180500, 0.000217556, 0.00886581, 0.068735, 58.0835
180600, 0.000217581, 0.00879747, 0.0689585, 58.0854
180700, 0.000217809, 0.00876855, 0.0691138, 58.1458
180800, 0.000218254, 0.00878359, 0.0691957, 58.2683
180900, 0.000218908, 0.00884347, 0.0692063, 58.4505
181000, 0.000219736, 0.008943, 0.0691556, 58.6825
181100, 0.000220685, 0.00907076, 0.0690612, 58.9486
181200, 0.000221689, 0.00921407, 0.0689453, 59.2297
181300, 0.000222676, 0.00935865, 0.0688321, 59.5055
181400, 0.000223579, 0.00949032, 0.0687462, 59.7563
181500, 0.000224336, 0.00959648, 0.0687102, 59.9649
181600, 0.000224901, 0.00966749, 0.0687411, 60.1184
181700, 0.000225255, 0.0096981, 0.0688476, 60.211
181800, 0.000225396, 0.00968641, 0.0690305, 60.2428
181900, 0.000225347, 0.00963455, 0.0692827, 60.2202
182000, 0.000225149, 0.00954851, 0.0695885, 60.1556
182100, 0.000224866, 0.00943883, 0.0699263, 60.0667
182200, 0.000224566, 0.00931876, 0.0702711, 59.9738
182300, 0.000224324, 0.00920185, 0.0705977, 59.8978
182400, 0.000224205, 0.0091036, 0.0708833, 59.8577
182500, 0.000224266, 0.0090376, 0.0711086, 59.8695
182600, 0.000224542, 0.00901351, 0.0712612, 59.9434
182700, 0.000225044, 0.00903663, 0.0713374, 60.082
182800, 0.000225757, 0.00910527, 0.0713411, 60.2807
182900, 0.000226643, 0.00921366, 0.0712836, 60.529
183000, 0.000227647, 0.00935088, 0.0711833, 60.8104
183100, 0.000228698, 0.00950186, 0.0710641, 61.1044
183200, 0.00022972, 0.00965175, 0.0709517, 61.3897
183300, 0.000230643, 0.00978618, 0.0708716, 61.646
183400, 0.000231408, 0.00989271, 0.0708455, 61.8566
183500, 0.000231972, 0.00996171, 0.0708902, 62.0091
183600, 0.000232313, 0.0099876, 0.0710147, 62.0977
183700, 0.000232436, 0.00996945, 0.0712178, 62.1236
183800, 0.000232367, 0.00991024, 0.0714902, 62.095
183900, 0.000232153, 0.00981713, 0.0718152, 62.0254
184000, 0.000231859, 0.00970055, 0.07217, 61.9332
184100, 0.000231559, 0.00957478, 0.0725283, 61.8398
184200, 0.000231329, 0.00945561, 0.0728638, 61.7671
184300, 0.000231238, 0.0093575, 0.0731531, 61.7346
184400, 0.000231338, 0.00929461, 0.0733781, 61.7574
184500, 0.000231663, 0.00927672, 0.0735268, 61.845
184600, 0.000232223, 0.00930799, 0.0735959, 61.9998
184700, 0.000232997, 0.00938691, 0.073591, 62.2158
184800, 0.000233942, 0.00950514, 0.0735255, 62.4805
184900, 0.000234998, 0.00965105, 0.0734192, 62.7764
185000, 0.000236091, 0.00980979, 0.0732967, 63.0824
185100, 0.000237144, 0.00996479, 0.0731853, 63.3761
185200, 0.000238084, 0.0101013, 0.073111, 63.6368
185300, 0.000238852, 0.0102071, 0.0730961, 63.8476
185400, 0.000239408, 0.0102729, 0.073156, 63.9973
185500, 0.000239732, 0.0102934, 0.0732984, 64.0807
185600, 0.000239832, 0.010268, 0.0735219, 64.0997
185700, 0.000239739, 0.0102007, 0.073815, 64.0638
185800, 0.000239506, 0.0100995, 0.0741589, 63.9883
185900, 0.000239201, 0.00997648, 0.0745295, 63.8927
186000, 0.000238901, 0.00984572, 0.0748997, 63.7991
186100, 0.000238685, 0.0097239, 0.0752425, 63.7299
186200, 0.000238621, 0.00962731, 0.0755339, 63.7051
186300, 0.000238763, 0.00956871, 0.075756, 63.7397
186400, 0.00023914, 0.00955798, 0.0758985, 63.8419
186500, 0.000239757, 0.00959868, 0.075959, 64.0129
186600, 0.000240591, 0.00968781, 0.0759442, 64.2459
186700, 0.000241594, 0.00981681, 0.0758693, 64.5269
186800, 0.0002427, 0.00997175, 0.0757561, 64.8367
186900, 0.000243832, 0.0101372, 0.0756306, 65.1533
187000, 0.00024491, 0.0102967, 0.0755205, 65.4538
187100, 0.000245862, 0.0104347, 0.0754526, 65.7173
187200, 0.000246627, 0.0105386, 0.0754492, 65.927
187300, 0.000247167, 0.0105999, 0.0755252, 66.0718
187400, 0.000247468, 0.0106139, 0.0756867, 66.148
187500, 0.00024754, 0.0105805, 0.0759304, 66.159
187600, 0.00024742, 0.0105046, 0.0762438, 66.115
187700, 0.000247165, 0.0103952, 0.0766061, 66.0328
187800, 0.000246848, 0.0102651, 0.0769914, 65.9334
187900, 0.000246549, 0.0101303, 0.0773717, 65.8398
188000, 0.000246347, 0.0100071, 0.0777195, 65.7748
188100, 0.000246313, 0.00991217, 0.0780109, 65.7582
188200, 0.000246497, 0.00985947, 0.0782282, 65.8049
188300, 0.000246928, 0.00985705, 0.078362, 65.9223
188400, 0.000247604, 0.00990798, 0.0784118, 66.11
188500, 0.000248497, 0.0100082, 0.0783859, 66.3597
188600, 0.000249556, 0.0101475, 0.0783008, 66.6564
188700, 0.000250709, 0.0103116, 0.07818, 66.9793
188800, 0.000251874, 0.0104833, 0.0780513, 67.3052
188900, 0.000252972, 0.010646, 0.0779433, 67.6108
189000, 0.000253927, 0.0107843, 0.0778826, 67.8751
189100, 0.000254683, 0.0108856, 0.0778914, 68.0816
189200, 0.000255201, 0.0109412, 0.077984, 68.2199
189300, 0.000255472, 0.0109474, 0.0781651, 68.2872
189400, 0.000255512, 0.0109053, 0.0784294, 68.2885
189500, 0.000255362, 0.0108203, 0.0787622, 68.2356
189600, 0.000255082, 0.0107025, 0.0791418, 68.1462
189700, 0.000254752, 0.010566, 0.0795404, 68.0427
189800, 0.000254454, 0.0104272, 0.0799287, 67.9493
189900, 0.000254269, 0.0103039, 0.080279, 67.8889
190000, 0.000254266, 0.0102122, 0.0805677, 67.8813
190100, 0.000254495, 0.0101658, 0.0807779, 67.9406
190200, 0.00025498, 0.0101731, 0.080901, 68.0734
190300, 0.000255715, 0.010235, 0.080938, 68.2779
190400, 0.000256666, 0.0103465, 0.0808993, 68.5441
190500, 0.000257777, 0.0104962, 0.0808034, 68.8553
190600, 0.000258971, 0.0106686, 0.080675, 69.19
190700, 0.000260166, 0.0108461, 0.0805431, 69.5238
190800, 0.000261275, 0.0110111, 0.0804375, 69.8325
190900, 0.000262228, 0.0111482, 0.080385, 70.0955
191000, 0.000262966, 0.0112453, 0.080407, 70.2967
191100, 0.000263456, 0.0112943, 0.0805168, 70.4265
191200, 0.000263692, 0.011292, 0.0807175, 70.4835
191300, 0.000263694, 0.0112402, 0.0810022, 70.4737
191400, 0.00026351, 0.0111459, 0.081354, 70.4109
191500, 0.000263205, 0.0110199, 0.0817491, 70.3142
191600, 0.000262861, 0.0108773, 0.082159, 70.2069
191700, 0.000262565, 0.0107356, 0.0825533, 70.1138
191800, 0.000262398, 0.0106128, 0.0829038, 70.0586
191900, 0.000262429, 0.0105259, 0.0831872, 70.0608
192000, 0.000262705, 0.0104873, 0.0833877, 70.1333
192100, 0.000263245, 0.0105046, 0.0834981, 70.2818
192200, 0.000264038, 0.0105784, 0.0835209, 70.5029
192300, 0.000265046, 0.0107013, 0.0834683, 70.7851
192400, 0.000266205, 0.010861, 0.0833609, 71.1101
192500, 0.000267436, 0.011041, 0.083225, 71.4548
192600, 0.000268652, 0.0112229, 0.0830906, 71.7945
192700, 0.000269767, 0.0113891, 0.0829881, 72.1047
192800, 0.000270709, 0.0115239, 0.0829447, 72.3642
192900, 0.000271422, 0.0116155, 0.0829808, 72.5579
193000, 0.000271878, 0.0116568, 0.0831082, 72.6776
193100, 0.000272073, 0.0116452, 0.0833287, 72.7227
193200, 0.000272034, 0.0115835, 0.083633, 72.701
193300, 0.000271813, 0.0114795, 0.0840027, 72.6276
193400, 0.000271483, 0.0113457, 0.084412, 72.5233
193500, 0.000271127, 0.0111978, 0.0848308, 72.4125
193600, 0.000270834, 0.0110541, 0.0852285, 72.3206
193700, 0.000270688, 0.0109333, 0.0855767, 72.2712
193800, 0.000270754, 0.0108517, 0.0858523, 72.2835
193900, 0.000271078, 0.0108223, 0.0860408, 72.3699
194000, 0.000271673, 0.0108506, 0.0861365, 72.534
194100, 0.000272523, 0.0109359, 0.0861438, 72.7713
194200, 0.000273584, 0.0110703, 0.0860768, 73.0686
194300, 0.000274787, 0.0112394, 0.0859575, 73.406
194400, 0.000276049, 0.011426, 0.0858144, 73.7594
194500, 0.000277279, 0.0116112, 0.0856783, 74.1029
194600, 0.000278392, 0.0117771, 0.08558, 74.4121
194700, 0.000279316, 0.0119084, 0.0855462, 74.6664
194800, 0.000279998, 0.0119937, 0.0855971, 74.8509
194900, 0.000280413, 0.0120262, 0.0857426, 74.9586
195000, 0.000280563, 0.0120046, 0.0859825, 74.9908
195100, 0.000280481, 0.0119328, 0.0863057, 74.9566
195200, 0.000280224, 0.0118195, 0.0866918, 74.8725
195300, 0.000279867, 0.0116782, 0.0871133, 74.7608
195400, 0.000279501, 0.011526, 0.0875391, 74.647
195500, 0.000279214, 0.0113814, 0.0879377, 74.5569
195600, 0.000279091, 0.0112636, 0.088281, 74.5142
195700, 0.000279195, 0.0111888, 0.0885469, 74.5373
195800, 0.000279567, 0.0111688, 0.0887216, 74.6377
195900, 0.000280217, 0.0112087, 0.0888013, 74.8176
196000, 0.000281122, 0.0113058, 0.0887923, 75.0705
196100, 0.000282232, 0.0114508, 0.0887106, 75.3819
196200, 0.000283474, 0.0116287, 0.08858, 75.7303
196300, 0.000284761, 0.0118208, 0.0884302, 76.0905
196400, 0.000285999, 0.0120082, 0.0882932, 76.4361
196500, 0.000287104, 0.0121726, 0.0882001, 76.7425
196600, 0.000288003, 0.0122992, 0.0881771, 76.9895
196700, 0.000288649, 0.0123771, 0.088243, 77.1634
196800, 0.000289019, 0.0124004, 0.0884067, 77.2581
196900, 0.000289121, 0.0123685, 0.0886655, 77.2765
197000, 0.000288995, 0.0122865, 0.0890065, 77.2294
197100, 0.0002887, 0.0121644, 0.0894074, 77.1349
197200, 0.00028832, 0.0120164, 0.0898391, 77.0163
197300, 0.000287944, 0.0118605, 0.0902696, 76.9001
197400, 0.000287666, 0.0117163, 0.090667, 76.8125
197500, 0.000287568, 0.0116024, 0.0910033, 76.7771
197600, 0.000287711, 0.0115353, 0.0912575, 76.8116
197700, 0.000288132, 0.0115254, 0.091417, 76.9259
197800, 0.000288835, 0.0115767, 0.0914798, 77.1212
197900, 0.000289792, 0.0116855, 0.0914541, 77.3891
198000, 0.000290948, 0.0118406, 0.0913578, 77.7132
198100, 0.000292224, 0.0120259, 0.0912164, 78.0711
198200, 0.000293528, 0.0122226, 0.0910609, 78.4364
198300, 0.000294769, 0.0124109, 0.090924, 78.7823
198400, 0.000295859, 0.0125728, 0.0908369, 79.0843
198500, 0.000296728, 0.0126938, 0.0908253, 79.3226
198600, 0.000297333, 0.0127636, 0.0909067, 79.4846
198700, 0.000297656, 0.0127772, 0.091088, 79.5657
198800, 0.00029771, 0.0127351, 0.0913651, 79.5701
198900, 0.000297539, 0.0126432, 0.0917227, 79.5102
199000, 0.000297209, 0.0125126, 0.0921367, 79.4056
199100, 0.000296807, 0.0123589, 0.0925768, 79.2809
199200, 0.000296425, 0.0122004, 0.09301, 79.1631
199300, 0.000296159, 0.0120572, 0.0934044, 79.0789
199400, 0.000296087, 0.0119485, 0.0937323, 79.0514
199500, 0.000296271, 0.0118893, 0.0939735, 79.0975
199600, 0.00029674, 0.0118899, 0.0941172, 79.2259
199700, 0.000297495, 0.0119527, 0.0941629, 79.4359
199800, 0.000298501, 0.0120723, 0.0941207, 79.7179
199900, 0.000299698, 0.0122368, 0.0940104, 80.0538
200000, 0.000301003, 0.0124288, 0.0938591, 80.4197
200100, 0.000302321, 0.0126288, 0.0936989, 80.7887
200200, 0.000303558, 0.012817, 0.0935631, 81.1336
200300, 